stop_id,holiday_adjusted,other,weekday_only
100,254,166,0
101,254,166,0
102,362,326,0
103,254,166,0
104,254,166,0
105,254,166,0
106,254,166,0
107,357,217,0
108,254,166,0
109,503,285,0
111,504,285,0
120,502,349,72
121,254,166,0
122,254,166,0
123,357,217,0
124,254,166,0
125,254,166,0
126,254,166,0
127,254,166,0
128,254,166,0
129,254,166,0
250,36,0,0
260,15,0,0
280,99,27,0
300,242,94,0
320,234,85,0
340,242,94,0
360,234,85,0
361,238,94,0
375,234,85,0
390,238,94,0
400,1213,510,0
420,1882,803,0
430,1322,577,0
431,742,306,0
433,570,244,0
450,1387,608,0
468,1312,550,0
480,1279,540,0
481,453,188,0
490,859,362,0
500,1062,459,0
510,150,65,0
515,1298,549,0
531,732,322,0
538,1406,595,0
539,261,106,0
548,940,405,0
558,1667,701,0
570,940,405,0
575,1777,767,0
590,932,403,0
600,1956,831,0
605,1199,517,0
619,541,230,0
620,559,206,0
625,34,9,0
626,200,96,0
628,233,83,0
640,326,123,0
648,233,83,0
660,326,123,0
670,233,83,0
691,343,148,0
700,427,149,0
720,77,26,0
730,74,26,0
760,120,31,0
790,120,31,0
800,8,0,0
810,128,31,0
820,128,31,0
840,9,0,0
844,291,101,0
860,9,0,0
880,374,174,0
900,188,79,0
905,344,125,0
940,518,204,0
950,518,204,0
970,224,94,0
992,224,91,0
996,9,0,0
997,17,0,0
1010,13,0,0
1040,240,91,0
1050,135,32,0
1070,119,32,0
1073,26,0,0
1085,814,394,0
1110,497,241,0
1120,440,210,0
1180,497,241,0
1190,629,298,0
1195,497,241,0
1215,135,58,0
1230,135,58,0
1250,110,66,0
1260,118,66,0
1340,47,25,0
1350,47,25,0
1360,47,25,0
1370,62,50,0
1471,739,317,0
1480,759,345,0
1490,686,318,0
1500,681,313,0
1510,658,310,0
1530,738,328,0
1540,222,79,0
1550,222,79,0
1551,217,132,0
1558,457,188,0
1559,469,189,0
1560,217,81,0
1561,469,189,0
1562,457,188,0
1570,217,81,0
1610,1184,516,0
1619,113,57,0
1630,113,57,0
1651,107,65,0
1652,110,67,0
1661,107,65,0
1662,110,67,0
1671,107,65,0
1672,110,67,0
1681,107,65,0
1682,110,67,0
1690,680,287,0
1710,192,77,0
1889,20,40,0
1907,64,128,0
1920,73,27,0
2010,208,76,0
2020,104,38,0
2030,104,38,0
2050,104,38,0
2060,104,38,0
2070,104,38,0
2080,104,38,0
2090,104,38,0
2100,104,38,0
2110,104,38,0
2120,104,38,0
2130,104,38,0
2140,104,38,0
2150,104,38,0
2180,476,212,0
2200,591,254,0
2201,5,0,0
2202,5,0,0
2203,5,0,0
2204,5,0,0
2205,5,0,0
2206,5,0,0
2220,930,412,0
2244,516,233,0
2245,139,68,0
2249,137,132,72
2250,139,68,0
2255,139,68,0
2260,139,68,0
2262,139,68,0
2264,139,68,0
2275,137,132,72
2285,137,132,72
2291,137,132,72
2295,0,132,72
2297,0,132,72
2300,137,132,72
2320,104,38,0
2330,589,320,72
2360,589,320,72
2361,79,36,0
2370,513,285,72
2390,104,38,0
2400,104,38,0
2410,104,38,0
2420,104,38,0
2430,104,38,0
2440,104,38,0
2450,104,38,0
2460,104,38,0
2470,104,38,0
2480,104,38,0
2490,104,38,0
2500,104,38,0
2510,104,38,0
2520,104,38,0
2550,150,70,0
2570,75,35,0
2580,75,35,0
2590,75,35,0
2600,75,35,0
2610,75,35,0
2620,75,35,0
2630,75,35,0
2640,154,70,0
2660,154,70,0
2670,154,70,0
2672,670,290,0
2680,154,70,0
2690,155,71,0
2710,155,71,0
2720,155,71,0
2730,155,71,0
2740,155,71,0
2760,75,35,0
2770,75,35,0
2780,75,35,0
2790,75,35,0
2800,75,35,0
2810,75,35,0
2820,75,35,0
2830,75,35,0
2840,75,35,0
2850,218,134,0
2860,110,66,0
2870,110,66,0
2880,110,66,0
2890,110,66,0
2900,110,66,0
2910,110,66,0
2911,110,66,0
2920,110,66,0
2930,110,66,0
2940,111,66,0
2950,110,66,0
2960,110,66,0
2970,110,66,0
2980,110,66,0
2995,110,66,0
3000,110,66,0
3010,110,66,0
3030,110,66,0
3032,110,66,0
3033,110,66,0
3034,110,66,0
3035,110,66,0
3036,118,66,0
3037,156,99,0
3150,116,68,0
3151,108,68,0
3152,108,68,0
3153,108,68,0
3154,108,68,0
3155,108,68,0
3156,108,68,0
3160,108,68,0
3190,108,68,0
3200,108,68,0
3210,108,68,0
3220,108,68,0
3230,108,68,0
3240,108,68,0
3250,109,68,0
3271,108,68,0
3280,108,68,0
3293,108,68,0
3300,108,68,0
3310,108,68,0
3320,108,68,0
3330,108,68,0
3380,225,111,0
3400,225,111,0
3410,225,111,0
3420,225,111,0
3430,225,111,0
3450,225,111,0
3460,225,111,0
3470,374,175,0
3484,374,175,0
3500,374,175,0
3515,374,175,0
3530,374,175,0
3541,374,175,0
3550,374,175,0
3570,374,175,0
3580,374,175,0
3589,374,175,0
3600,780,349,0
3700,369,175,0
3710,369,175,0
3735,369,175,0
3760,369,175,0
3770,369,175,0
3778,369,175,0
3800,369,175,0
3810,512,251,0
3820,225,111,0
3830,225,111,0
3860,225,111,0
3870,225,111,0
3880,225,111,0
3881,225,111,0
3883,225,111,0
3910,195,77,0
3920,195,77,0
3930,116,42,0
3940,116,42,0
3950,116,42,0
3960,116,42,0
3980,116,42,0
3990,116,42,0
4000,116,42,0
4010,116,42,0
4020,116,42,0
4040,116,42,0
4050,116,42,0
4070,116,42,0
4080,116,42,0
4200,116,42,0
4220,116,42,0
4230,116,42,0
4245,116,42,0
4265,116,42,0
4280,116,42,0
4290,116,42,0
4300,116,42,0
4325,116,42,0
4340,116,42,0
4355,116,42,0
4370,116,42,0
4465,80,36,0
4490,80,36,0
4500,79,35,0
5330,299,144,0
5350,299,144,0
5370,299,144,0
5380,299,144,0
5400,149,69,0
5402,147,67,0
5420,295,142,0
5440,295,142,0
5450,295,142,0
5470,295,142,0
5486,202,96,0
5487,202,96,0
5488,202,97,0
5489,202,97,0
5492,203,87,0
5493,404,193,0
5502,437,207,0
5550,182,79,0
5560,182,79,0
5580,182,79,0
5590,182,79,0
5610,107,47,0
5630,107,47,0
5640,107,47,0
5660,107,47,0
5670,107,47,0
5690,107,47,0
5710,107,47,0
5730,107,47,0
5740,107,47,0
5765,107,47,0
5770,107,47,0
5771,107,47,0
5790,107,47,0
5810,107,47,0
5820,107,47,0
5830,107,47,0
5840,107,47,0
5860,107,47,0
5875,107,47,0
5880,107,47,0
5900,107,47,0
5910,107,47,0
5930,107,47,0
5940,107,47,0
5960,107,47,0
5980,107,47,0
6000,107,47,0
6020,107,47,0
6030,107,47,0
6040,107,47,0
6050,176,73,0
6060,107,47,0
6070,419,175,0
6071,94,210,0
6072,92,180,0
6080,107,47,0
6100,419,175,0
6120,107,47,0
6176,419,175,0
6190,143,68,0
6220,144,67,0
6236,413,174,0
6237,413,174,0
6240,144,67,0
6290,106,45,0
6300,413,174,0
6310,106,45,0
6320,413,174,0
6330,106,45,0
6340,174,71,0
6360,106,45,0
6380,106,45,0
6400,106,45,0
6420,106,45,0
6440,106,45,0
6460,106,45,0
6480,106,45,0
6490,106,45,0
6510,106,45,0
6520,106,45,0
6540,106,45,0
6550,106,45,0
6565,106,45,0
6580,106,45,0
6590,106,45,0
6600,106,45,0
6615,106,45,0
6640,256,120,0
6650,256,120,0
6658,150,75,0
6660,106,45,0
6670,106,45,0
6685,106,45,0
6693,106,45,0
6710,106,45,0
6730,106,45,0
6740,106,45,0
6750,106,45,0
6770,106,45,0
6790,106,45,0
6800,106,45,0
6820,180,76,0
6840,180,76,0
6850,180,76,0
6870,180,76,0
6880,180,76,0
6940,362,173,0
6950,243,102,0
6990,243,102,0
7000,243,102,0
7010,243,102,0
7040,243,102,0
7080,243,102,0
7100,243,102,0
7120,243,102,0
7140,243,102,0
7160,243,102,0
7180,243,102,0
7200,243,102,0
7210,243,102,0
7350,143,68,0
7360,143,68,0
7380,143,68,0
7382,143,68,0
7430,595,248,0
7498,144,67,0
7500,144,67,0
7520,144,67,0
7530,144,67,0
7630,239,103,0
7670,239,103,0
7690,239,103,0
7710,239,103,0
7730,239,103,0
7750,239,103,0
7770,239,103,0
7790,239,103,0
7810,239,103,0
7850,239,103,0
7880,239,103,0
7900,239,103,0
7912,239,103,0
7950,61,34,0
7960,61,34,0
7970,61,34,0
7980,61,34,0
8000,61,34,0
8010,61,34,0
8030,61,34,0
8040,61,34,0
8050,286,140,0
8070,286,140,0
8080,548,272,0
8090,286,140,0
8100,231,106,0
8110,231,106,0
8140,231,106,0
8160,231,106,0
8175,231,106,0
8190,231,106,0
8210,231,106,0
8231,225,106,0
8250,231,106,0
8270,225,106,0
8285,225,106,0
8300,231,106,0
8310,314,143,0
8330,231,106,0
8350,231,106,0
8360,225,106,0
8380,225,106,0
8400,225,106,0
8401,357,165,0
8402,570,469,72
8403,214,78,0
8429,496,296,0
8440,581,335,0
8450,350,225,0
8460,350,225,0
8485,356,165,0
8494,433,191,0
8510,360,165,0
8530,456,202,0
8541,461,207,0
8550,358,166,0
8590,434,193,0
8608,358,234,0
8620,353,234,0
8641,505,304,0
8660,500,304,0
8671,137,132,72
8672,137,132,72
8681,358,166,0
8710,225,106,0
8730,225,106,0
8740,230,106,0
8760,321,144,0
8780,225,106,0
8790,230,106,0
8810,225,106,0
8820,225,106,0
8840,230,106,0
8850,225,106,0
8870,230,106,0
8890,230,106,0
8905,230,106,0
8920,230,106,0
8940,230,106,0
8970,230,106,0
8990,230,106,0
9000,332,170,0
9010,332,170,0
9030,61,34,0
9050,61,34,0
9060,61,34,0
9080,61,34,0
9090,61,34,0
9110,61,34,0
9132,317,139,0
9133,168,70,0
9134,168,70,0
9135,147,0,0
9138,304,143,0
9140,304,143,0
9142,168,70,0
9144,129,57,0
9147,143,65,0
9150,174,79,0
9190,174,79,0
9220,174,79,0
9480,174,79,0
9510,174,79,0
9550,174,79,0
9575,275,123,0
9580,323,143,0
9581,164,67,0
9582,164,67,0
9584,164,67,0
9586,146,0,0
9587,686,342,0
9589,143,66,0
9605,433,199,0
9610,290,133,0
9612,146,67,0
9630,289,132,0
9650,219,136,0
9670,288,132,0
9680,288,132,0
9690,288,132,0
9710,145,67,0
9720,145,67,0
9730,145,67,0
9750,145,67,0
9770,145,67,0
9790,145,67,0
9800,145,67,0
9820,145,67,0
9830,145,67,0
9840,145,67,0
9850,145,67,0
9860,145,67,0
9895,198,67,0
9900,198,67,0
9901,90,68,0
9912,198,67,0
9921,164,68,0
9930,164,68,0
9950,164,68,0
9970,164,68,0
9972,145,67,0
9974,145,67,0
9976,145,67,0
9978,576,264,0
9980,19,1,0
9990,19,1,0
10005,143,65,0
10010,162,67,0
10020,162,67,0
10030,19,1,0
10040,19,1,0
10050,19,1,0
10060,19,1,0
10070,19,1,0
10083,19,1,0
10100,19,1,0
10110,19,1,0
10120,19,1,0
10130,19,1,0
10145,19,1,0
10170,174,79,0
10180,174,79,0
10190,174,79,0
10210,187,79,0
10225,187,79,0
10240,187,79,0
10280,188,79,0
10305,188,79,0
10325,365,158,0
10328,185,79,0
10340,174,79,0
10350,174,79,0
10370,19,0,0
10380,19,0,0
10400,19,0,0
10410,19,0,0
10420,19,0,0
10430,19,0,0
10445,19,0,0
10460,19,0,0
10470,19,0,0
10480,19,0,0
10490,19,0,0
10500,19,0,0
10510,162,65,0
10513,143,66,0
10515,143,66,0
10525,162,65,0
10550,19,0,0
10560,19,0,0
10561,149,69,0
10562,149,69,0
10564,149,69,0
10566,149,69,0
10568,149,69,0
10580,168,69,0
10600,168,69,0
10620,293,136,0
10630,293,136,0
10640,186,135,0
10641,197,69,0
10650,197,69,0
10653,101,0,0
10654,48,0,0
10657,53,0,0
10658,101,0,0
10680,149,69,0
10700,149,69,0
10710,149,69,0
10720,149,69,0
10730,149,69,0
10750,149,69,0
10760,149,69,0
10780,149,69,0
10800,149,69,0
10820,149,69,0
10830,149,69,0
10840,149,69,0
10860,293,136,0
10870,293,136,0
10910,74,141,0
10911,798,428,0
10912,935,405,0
10914,935,405,0
10915,130,64,0
10916,130,64,0
10917,790,325,0
10920,130,64,0
10940,130,64,0
10950,130,64,0
10970,130,64,0
10990,130,64,0
11010,130,64,0
11011,6,0,0
11012,11,0,0
11025,8,0,0
11030,135,64,0
11033,8,0,0
11035,8,0,0
11040,279,128,0
11050,279,128,0
11060,307,177,0
11070,307,177,0
11075,22,0,0
11080,337,166,0
11085,22,0,0
11087,22,0,0
11090,337,166,0
11100,497,241,0
11130,132,57,0
11133,497,241,0
11140,337,166,0
11150,337,166,0
11175,217,132,0
11180,285,128,0
11190,285,128,0
11191,144,64,0
11200,136,64,0
11230,130,64,0
11250,130,64,0
11270,130,64,0
11290,130,64,0
11300,130,64,0
11330,130,64,0
11352,935,405,0
11356,147,67,0
11357,147,67,0
11358,147,138,0
11370,208,102,0
11390,104,51,0
11400,104,51,0
11410,104,51,0
11430,104,51,0
11480,207,102,0
11490,207,102,0
11520,207,102,0
11535,103,51,0
11565,104,51,0
11566,104,51,0
11567,104,51,0
11568,104,51,0
11569,104,51,0
11570,104,51,0
11590,104,51,0
11600,104,51,0
11610,104,51,0
11620,104,51,0
11630,104,51,0
11640,104,51,0
11680,100,39,0
11690,104,36,0
11700,104,36,0
11720,104,36,0
11730,106,37,0
11750,106,37,0
11770,106,37,0
11790,106,37,0
11800,106,37,0
11820,106,37,0
11840,106,37,0
11860,106,37,0
11870,106,37,0
11880,106,37,0
11890,243,169,72
11910,106,37,0
11920,106,37,0
11940,106,37,0
11960,108,41,0
11980,108,41,0
11990,108,41,0
12010,247,109,0
12030,108,41,0
12040,108,41,0
12050,108,41,0
12070,108,41,0
12080,108,41,0
12090,108,41,0
12110,108,41,0
12130,108,41,0
12140,108,41,0
12160,108,41,0
12170,100,39,0
12190,100,39,0
12200,100,39,0
12210,220,102,0
12220,110,51,0
12230,110,51,0
12240,110,51,0
12250,110,51,0
12260,110,51,0
12270,110,51,0
12280,110,51,0
12290,110,51,0
12310,110,51,0
12340,247,183,72
12353,103,51,0
12373,103,51,0
12390,110,51,0
12400,110,51,0
12410,110,51,0
12420,110,51,0
12430,110,51,0
12440,110,51,0
12450,110,51,0
12460,110,51,0
12470,110,51,0
12479,219,108,0
12480,110,51,0
12484,219,108,0
12485,159,79,0
12486,139,68,0
12487,219,108,0
12496,79,39,0
12497,216,171,72
12500,79,39,0
12520,79,39,0
12532,225,110,0
12550,362,242,72
12560,225,110,0
12600,227,110,0
12630,366,178,0
12640,227,110,0
12660,80,40,0
12670,80,40,0
12690,155,74,0
12700,79,37,0
12712,79,37,0
12720,79,37,0
12740,79,37,0
12760,79,37,0
12770,290,110,0
12780,222,79,0
12790,222,79,0
12805,237,79,0
12820,222,79,0
12840,237,79,0
12841,7,0,0
12842,8,0,0
12860,245,79,0
12880,245,79,0
12890,222,79,0
12900,217,81,0
12910,369,145,0
12930,238,81,0
12950,231,81,0
12960,217,81,0
12980,231,81,0
12991,217,81,0
13005,201,44,0
13020,76,37,0
13030,76,37,0
13040,76,37,0
13060,76,37,0
13070,76,37,0
13080,76,37,0
13090,76,37,0
13190,103,51,0
13200,206,102,0
13210,103,51,0
13220,103,51,0
13230,103,51,0
13240,103,51,0
13250,103,51,0
13260,103,51,0
13262,110,66,0
13264,144,104,0
13266,144,104,0
13270,103,51,0
13291,149,116,0
13310,103,51,0
13320,103,51,0
13330,103,51,0
13340,103,51,0
13350,103,51,0
13360,103,51,0
13370,103,51,0
13380,103,51,0
13381,103,51,0
13390,100,48,0
13410,50,24,0
13420,50,24,0
13430,50,24,0
13441,160,75,0
13460,160,75,0
13480,50,24,0
13500,50,24,0
13510,50,24,0
13585,152,64,0
13600,194,78,0
13620,194,78,0
13640,194,78,0
13660,194,78,0
13670,194,78,0
13700,194,78,0
13721,194,78,0
13760,198,78,0
13770,194,78,0
13775,68,31,0
13800,273,114,0
13810,273,114,0
13830,273,114,0
13840,273,114,0
13870,388,171,0
13890,392,171,0
13910,273,114,0
14038,272,115,0
14070,388,172,0
14090,272,115,0
14110,272,115,0
14130,272,115,0
14150,272,115,0
14170,272,115,0
14190,193,79,0
14195,67,31,0
14200,197,79,0
14230,193,79,0
14250,193,79,0
14280,193,79,0
14300,193,79,0
14320,193,79,0
14340,193,79,0
14360,350,146,0
14960,243,185,0
14961,92,37,0
14962,92,37,0
14963,92,37,0
14970,92,37,0
14980,92,37,0
15000,92,37,0
15002,92,37,0
15030,95,37,0
15040,95,37,0
15050,95,37,0
15060,6,0,0
15070,6,0,0
15080,6,0,0
15090,6,0,0
15100,6,0,0
15120,6,0,0
15140,106,46,0
15145,106,46,0
15190,195,83,0
15201,107,47,0
15202,107,47,0
15203,107,47,0
15204,106,46,0
15205,195,83,0
15206,106,46,0
15207,106,46,0
15211,107,47,0
15212,106,46,0
15230,195,83,0
15380,198,85,0
15395,198,85,0
15451,107,47,0
15460,107,47,0
15480,9,0,0
15500,9,0,0
15521,9,0,0
15532,9,0,0
15540,156,148,0
15570,156,148,0
15580,156,148,0
15588,151,148,0
15610,151,148,0
15630,151,148,0
15650,151,148,0
15651,151,148,0
15652,207,258,0
16100,323,135,0
16101,130,62,0
16103,319,135,0
16140,74,33,0
16160,71,31,0
16170,71,31,0
16180,71,31,0
16190,65,31,0
16200,71,31,0
16210,65,31,0
16220,71,31,0
16230,65,31,0
16240,65,31,0
16250,65,31,0
16260,65,31,0
16270,65,31,0
16280,65,31,0
16290,65,31,0
16300,65,31,0
16327,204,95,0
16329,202,96,0
16330,206,95,0
16331,204,95,0
16380,7,0,0
16390,293,136,0
16400,293,136,0
16416,293,136,0
16419,19,1,0
16430,314,137,0
16440,143,66,0
16460,143,66,0
16480,143,66,0
16515,288,135,0
16520,288,135,0
16570,74,32,0
16610,65,31,0
16620,65,31,0
16630,65,31,0
16640,65,31,0
16650,65,31,0
16660,65,31,0
16670,65,31,0
16680,71,31,0
16690,65,31,0
16700,71,31,0
16710,65,31,0
16720,71,31,0
16730,65,31,0
16740,71,31,0
16750,71,31,0
16760,71,31,0
16770,139,64,0
16800,76,31,0
16810,76,31,0
16830,76,31,0
16840,76,31,0
16850,76,31,0
16860,151,63,0
16870,151,63,0
16880,151,63,0
16890,151,63,0
16900,151,63,0
16914,299,126,0
16920,151,63,0
16940,151,63,0
16960,308,130,0
16980,308,130,0
16990,308,130,0
17010,308,130,0
17022,458,205,0
17024,458,205,0
17040,150,75,0
17070,149,69,0
17080,149,69,0
17081,149,69,0
17170,143,68,0
17180,143,68,0
17209,143,68,0
17230,143,68,0
17250,143,68,0
17260,143,68,0
17280,143,68,0
17300,143,68,0
17310,328,146,0
17410,329,145,0
17420,144,67,0
17440,144,67,0
17460,144,67,0
17470,144,67,0
17490,144,67,0
17510,144,67,0
17530,144,67,0
17640,145,67,0
17650,145,67,0
17651,150,75,0
17680,150,75,0
17694,148,63,0
17695,151,63,0
17697,450,202,0
17698,450,202,0
17710,300,127,0
17730,300,127,0
17740,300,127,0
17755,152,64,0
17760,148,63,0
17780,148,63,0
17800,148,63,0
17820,148,63,0
17830,148,63,0
17840,148,63,0
17850,148,63,0
17860,74,32,0
17870,74,32,0
17880,74,32,0
17890,74,32,0
17900,74,32,0
17950,8,0,0
17951,4,0,0
17952,4,0,0
17960,4,0,0
17970,4,0,0
17980,4,0,0
17990,4,0,0
18000,4,0,0
18010,4,0,0
18020,4,0,0
18030,4,0,0
18040,4,0,0
18041,4,0,0
18050,4,0,0
18060,4,0,0
18066,4,0,0
18070,4,0,0
18085,370,156,0
18090,185,78,0
18100,189,78,0
18120,341,142,0
18145,152,64,0
18150,152,64,0
18152,157,67,0
18165,152,64,0
18170,67,31,0
18180,146,67,0
18190,146,67,0
18200,146,67,0
18210,146,67,0
18220,342,145,0
18230,146,67,0
18240,146,67,0
18250,146,67,0
18260,143,68,0
18270,143,68,0
18295,143,68,0
18315,143,68,0
18320,143,68,0
18340,143,68,0
18359,143,68,0
18370,143,68,0
18388,143,68,0
18402,143,68,0
18440,422,172,0
18455,144,67,0
18465,144,67,0
18480,144,67,0
18505,144,67,0
18530,144,67,0
18540,144,67,0
18550,144,67,0
18580,144,67,0
18590,144,67,0
18600,147,67,0
18610,147,67,0
18620,147,67,0
18630,147,67,0
18640,147,67,0
18650,147,67,0
18660,147,67,0
18670,147,67,0
18680,68,31,0
18696,157,67,0
18720,157,67,0
18740,346,145,0
18760,189,78,0
18770,4,0,0
18785,185,78,0
18790,4,0,0
18800,4,0,0
18810,4,0,0
18820,4,0,0
18830,4,0,0
18840,4,0,0
18850,4,0,0
18860,4,0,0
18870,4,0,0
18880,4,0,0
18890,4,0,0
18900,4,0,0
18910,4,0,0
18920,4,0,0
18930,4,0,0
18940,4,0,0
18941,4,0,0
18942,4,0,0
18990,10,10,0
19000,10,10,0
19010,10,10,0
19020,10,10,0
19060,12,12,0
19070,12,12,0
19210,149,69,0
19240,152,64,0
19250,152,64,0
19260,152,64,0
19270,152,64,0
19280,152,64,0
19300,152,64,0
19320,152,64,0
19340,152,64,0
19360,152,64,0
19380,115,57,0
19390,115,57,0
19410,119,57,0
19420,115,57,0
19440,116,57,0
19460,112,57,0
19470,116,57,0
19480,112,57,0
19490,112,57,0
19500,112,57,0
19510,157,67,0
19530,157,67,0
19550,157,67,0
19570,157,67,0
19590,157,67,0
19600,157,67,0
19610,157,67,0
19620,157,67,0
19650,191,79,0
19670,191,79,0
19700,191,79,0
19740,191,79,0
19750,191,79,0
19790,303,127,0
19810,112,48,0
19830,303,127,0
19850,112,48,0
19861,51,87,0
19862,191,79,0
19875,117,114,0
19898,330,213,0
19921,144,133,0
19922,89,37,0
19930,335,212,0
19940,144,133,0
19978,91,38,0
19980,145,134,0
20040,117,113,0
20041,186,79,0
20050,111,46,0
20070,111,46,0
20090,297,125,0
20110,111,46,0
20130,186,79,0
20170,186,79,0
20190,186,79,0
20220,186,79,0
20250,186,79,0
20270,186,79,0
20530,118,57,0
20540,61,29,0
20550,61,29,0
20560,61,29,0
20570,61,29,0
20580,61,29,0
20590,61,29,0
20600,61,29,0
20610,61,29,0
20620,61,29,0
20630,61,29,0
20640,61,29,0
20650,64,32,0
20670,67,31,0
20680,67,31,0
20700,182,88,0
20710,115,57,0
20720,115,57,0
20730,115,57,0
20829,404,260,72
20880,112,57,0
20890,134,63,0
20910,68,31,0
20940,60,31,0
20950,57,28,0
20960,57,28,0
20970,57,28,0
20980,57,28,0
20990,57,28,0
21000,57,28,0
21010,57,28,0
21020,57,28,0
21030,57,28,0
21040,57,28,0
21050,57,28,0
21080,241,100,0
21090,241,100,0
21104,164,70,0
21110,153,64,0
21120,153,64,0
21140,153,64,0
21141,301,128,0
21150,148,64,0
21170,148,64,0
21250,189,82,0
21280,189,82,0
21290,4,0,0
21292,87,36,0
21295,87,36,0
21310,144,64,0
21320,144,64,0
21350,157,63,0
21360,157,63,0
21370,157,63,0
21380,157,63,0
21390,157,63,0
21400,157,63,0
21410,157,63,0
21420,87,36,0
21430,87,36,0
21440,87,36,0
21450,194,83,0
21480,194,83,0
21500,194,83,0
21560,194,83,0
21590,70,27,0
21600,353,147,0
21620,423,174,0
21680,108,40,0
21690,108,40,0
21700,108,40,0
21710,108,40,0
21720,108,40,0
21730,108,40,0
21765,218,72,0
21833,110,41,0
21850,110,31,0
21860,110,41,0
21870,110,41,0
21880,110,41,0
21890,110,41,0
21910,110,41,0
21920,110,41,0
21940,110,41,0
21945,113,68,0
21990,346,147,0
22009,91,38,0
22010,255,109,0
22050,185,82,0
22074,194,83,0
22075,185,82,0
22099,185,82,0
22120,185,82,0
22152,185,82,0
22158,185,82,0
22160,88,36,0
22165,198,82,0
22170,88,36,0
22174,198,82,0
22180,88,36,0
22184,421,174,0
22190,158,63,0
22196,194,83,0
22200,158,63,0
22210,158,63,0
22220,158,63,0
22230,158,63,0
22244,158,63,0
22252,237,100,0
22253,237,100,0
22255,4,0,0
22256,198,83,0
22259,194,83,0
22260,311,129,0
22261,119,46,0
22264,35,0,0
22280,22,0,0
22290,22,0,0
22300,22,0,0
22320,22,0,0
22330,22,0,0
22340,22,0,0
22360,22,0,0
22370,22,0,0
22380,22,0,0
22390,22,0,0
22400,22,0,0
22410,22,0,0
22420,22,0,0
22430,22,0,0
22440,22,0,0
22450,22,0,0
22460,22,0,0
22470,22,0,0
22480,22,0,0
22490,22,0,0
22500,22,0,0
22510,8,0,0
22520,8,0,0
22530,8,0,0
22540,8,0,0
22550,8,0,0
22553,293,126,0
22557,564,246,0
22560,305,125,0
22570,110,46,0
22580,110,46,0
22590,110,46,0
22600,110,46,0
22620,110,46,0
22630,110,46,0
22640,110,46,0
22650,110,46,0
22660,110,46,0
22680,110,46,0
22700,110,46,0
22710,110,46,0
22730,106,46,0
22750,106,46,0
22770,106,46,0
22780,106,46,0
22790,106,46,0
22820,428,249,0
22830,425,251,0
22850,129,125,0
22860,107,47,0
22870,107,47,0
22880,107,47,0
22900,107,47,0
22912,107,47,0
22940,111,47,0
22950,111,47,0
22970,111,47,0
22990,111,47,0
23000,111,47,0
23010,111,47,0
23020,111,47,0
23030,111,47,0
23050,111,47,0
23060,111,47,0
23070,4,0,0
23080,4,0,0
23170,149,69,0
23180,149,69,0
23200,149,69,0
23220,149,69,0
23230,552,246,0
23250,552,246,0
23260,299,134,0
23273,299,134,0
23276,8,0,0
23370,143,66,0
23390,143,66,0
23420,143,66,0
23421,280,135,0
23500,143,65,0
23520,143,65,0
23530,143,65,0
23540,143,65,0
23561,279,135,0
23580,143,65,0
23600,143,65,0
23610,143,65,0
23750,547,246,0
23770,547,246,0
23785,145,67,0
23800,145,67,0
23820,145,67,0
23831,145,67,0
23872,149,69,0
23890,137,61,0
23895,137,61,0
23905,137,61,0
23910,137,61,0
23915,137,61,0
23920,138,61,0
23925,137,61,0
24250,133,63,0
24260,67,32,0
24270,67,32,0
24280,67,32,0
24290,67,32,0
24300,67,32,0
24310,67,32,0
24320,67,32,0
24321,66,32,0
24330,67,32,0
24340,67,32,0
24350,67,32,0
24360,123,61,0
24370,115,57,0
24380,67,32,0
24390,67,32,0
24400,67,32,0
24410,67,32,0
24420,67,32,0
24430,67,32,0
24440,67,32,0
24450,67,32,0
24460,67,32,0
24470,67,32,0
24480,67,32,0
24490,67,32,0
24500,67,32,0
24510,67,32,0
24540,66,32,0
24544,66,32,0
24560,66,32,0
24570,66,32,0
24580,66,32,0
24590,66,32,0
24600,66,32,0
24610,66,32,0
24620,66,32,0
24630,66,32,0
24640,66,32,0
24650,66,32,0
24660,66,32,0
24670,66,32,0
24680,112,57,0
24690,66,32,0
24700,66,32,0
24710,66,32,0
24720,66,32,0
24740,66,32,0
24750,66,32,0
24760,66,32,0
24770,66,32,0
24780,66,32,0
24910,143,65,0
24920,143,65,0
24940,143,65,0
24950,143,65,0
24960,143,65,0
24980,143,65,0
24990,143,65,0
25000,143,65,0
25010,143,65,0
25020,143,65,0
25040,143,65,0
25050,143,65,0
25070,143,65,0
25090,143,65,0
25100,143,65,0
25110,143,65,0
25130,143,65,0
25140,143,65,0
25200,435,199,0
25201,438,202,0
25202,435,199,0
25210,288,132,0
25240,158,69,0
25751,174,80,0
25753,292,109,0
25754,296,110,0
25755,208,84,0
25765,143,66,0
25790,292,135,0
25791,136,61,0
25792,135,61,0
25793,135,61,0
25794,135,61,0
25795,136,61,0
25797,135,61,0
25798,142,61,0
25840,143,66,0
25860,143,66,0
25880,143,66,0
25890,143,66,0
25900,143,66,0
25920,143,66,0
25940,143,66,0
25960,143,66,0
25980,143,66,0
26000,143,66,0
26010,144,67,0
26020,144,67,0
26030,144,67,0
26050,144,67,0
26060,144,67,0
26080,144,67,0
26100,144,67,0
26110,144,67,0
26369,147,67,0
26370,147,67,0
26381,147,67,0
26400,147,67,0
26410,147,67,0
26430,147,67,0
26450,147,67,0
26460,147,67,0
26480,290,135,0
26490,290,135,0
26510,442,199,0
26520,152,64,0
26560,152,64,0
26580,152,64,0
26590,152,64,0
26600,152,64,0
26641,450,200,0
26645,450,200,0
26665,450,200,0
26680,113,57,0
26689,113,57,0
26690,461,203,0
26693,113,57,0
26698,113,57,0
26700,113,57,0
26701,113,57,0
26702,113,57,0
26705,113,57,0
26715,348,146,0
26730,348,146,0
26760,157,67,0
26770,157,67,0
26780,157,67,0
26800,157,67,0
26840,157,67,0
26850,157,67,0
26860,447,201,0
26870,290,134,0
26885,290,134,0
26901,146,67,0
26920,146,67,0
26940,146,67,0
26965,146,67,0
26980,146,67,0
26999,146,67,0
27175,94,50,0
27180,47,25,0
27190,47,25,0
27200,47,25,0
27210,47,25,0
27230,47,25,0
27240,47,25,0
27260,47,25,0
27270,47,25,0
27290,47,25,0
27300,47,25,0
27310,47,25,0
27320,47,25,0
27335,186,93,0
27350,47,25,0
27360,47,25,0
27370,47,25,0
27380,47,25,0
27395,47,25,0
27420,306,156,0
27430,47,25,0
27480,47,25,0
27500,298,154,0
27510,47,25,0
27520,47,25,0
27530,47,25,0
27540,47,25,0
27560,47,25,0
27570,184,157,72
27590,184,157,72
27600,47,25,0
27610,47,25,0
27620,47,25,0
27630,47,25,0
27640,47,25,0
27660,47,25,0
27670,47,25,0
27690,47,25,0
27700,47,25,0
27720,47,25,0
27730,47,25,0
27745,47,25,0
28030,69,26,0
28040,69,26,0
28060,69,26,0
28080,69,26,0
28100,69,26,0
28120,69,26,0
28130,69,26,0
28140,69,26,0
28160,69,26,0
28180,69,26,0
28210,69,26,0
28230,69,26,0
28250,69,26,0
28255,152,64,0
28260,221,90,0
28265,152,64,0
28280,152,64,0
28285,69,26,0
28287,69,26,0
28300,152,64,0
28310,152,64,0
28350,157,67,0
28370,157,67,0
28374,68,26,0
28376,68,26,0
28390,157,67,0
28410,225,93,0
28415,157,67,0
28416,157,67,0
28425,68,26,0
28450,68,26,0
28470,68,26,0
28490,68,26,0
28510,68,26,0
28530,68,26,0
28540,68,26,0
28550,68,26,0
28575,68,26,0
28600,68,26,0
28630,68,26,0
28650,68,26,0
28670,68,26,0
28680,455,183,0
29091,293,134,0
29100,147,67,0
29110,147,67,0
29130,435,199,0
29213,185,78,0
29215,185,78,0
29217,185,78,0
29219,185,78,0
29220,185,78,0
29222,185,78,0
29223,185,78,0
29225,185,78,0
29231,329,145,0
29232,329,145,0
29234,185,78,0
29236,185,78,0
29238,175,79,0
29240,771,324,0
29242,300,135,0
29243,157,69,0
29244,176,79,0
29247,471,189,0
29248,175,79,0
29249,175,79,0
29251,176,79,0
29253,175,79,0
29254,176,79,0
29256,176,79,0
29257,175,79,0
29258,275,192,72
29259,275,192,72
29260,275,192,72
29261,275,192,72
29262,275,192,72
29266,247,183,72
29268,249,119,0
29270,277,180,0
29273,277,128,0
29274,277,128,0
29275,277,128,0
29276,277,128,0
29277,277,128,0
29278,175,80,0
29280,175,80,0
29300,174,80,0
29301,275,192,72
29320,175,80,0
29340,174,80,0
29350,174,80,0
29361,175,80,0
29380,174,80,0
29405,446,183,0
29420,623,258,0
29423,19,0,0
29431,19,1,0
29440,631,262,0
29455,185,78,0
29480,185,78,0
29500,185,78,0
29530,328,146,0
29540,185,78,0
29557,185,78,0
29581,185,78,0
29582,185,78,0
29600,185,78,0
29620,185,78,0
29630,185,78,0
29640,185,78,0
29650,185,78,0
29660,185,78,0
29680,185,78,0
29700,185,78,0
29720,185,78,0
29865,185,78,0
29889,146,67,0
29891,146,67,0
29920,438,202,0
29930,438,202,0
29950,146,67,0
29952,146,67,0
30122,225,106,0
30140,269,133,0
30160,269,133,0
30170,139,74,0
30171,139,74,0
30180,139,74,0
30190,139,74,0
30211,139,74,0
30220,139,74,0
30240,139,74,0
30250,139,74,0
30270,139,74,0
30290,139,74,0
30300,139,74,0
30310,139,74,0
30320,139,74,0
30330,139,74,0
30340,225,111,0
30360,225,111,0
30380,225,111,0
30390,225,111,0
30410,225,111,0
30430,225,111,0
30440,225,111,0
30453,180,75,0
30460,91,38,0
30480,91,38,0
30489,89,37,0
30490,91,38,0
30510,379,176,0
30520,91,38,0
30530,91,38,0
30538,155,72,0
30550,155,72,0
30570,155,72,0
30590,155,72,0
30600,155,72,0
30635,856,352,0
30670,152,69,0
30690,152,69,0
30700,152,69,0
30720,152,69,0
30748,152,69,0
30770,89,37,0
30790,376,177,0
30800,376,177,0
30820,89,37,0
30855,225,111,0
30870,225,111,0
30890,225,111,0
30910,225,111,0
30930,225,111,0
30950,225,111,0
30960,225,111,0
30970,143,76,0
30981,143,76,0
31010,143,76,0
31030,143,76,0
31050,143,76,0
31060,143,76,0
31070,143,76,0
31090,143,76,0
31111,143,76,0
31130,143,76,0
31131,143,76,0
31132,271,136,0
31134,277,136,0
31135,1,0,0
31136,225,106,0
31137,450,212,0
31140,87,48,0
31150,49,27,0
31160,48,25,0
31180,48,25,0
31190,48,25,0
31210,48,25,0
31220,48,25,0
31230,116,56,0
31240,116,56,0
31250,116,56,0
31260,116,56,0
31270,116,56,0
31280,116,56,0
31290,116,56,0
31300,116,56,0
31310,116,56,0
31320,116,56,0
31330,116,56,0
31340,48,25,0
31350,113,56,0
31360,113,56,0
31370,113,56,0
31380,113,56,0
31390,113,56,0
31400,113,56,0
31410,113,56,0
31420,113,56,0
31430,113,56,0
31440,113,56,0
31450,113,56,0
31460,113,56,0
31481,46,25,0
31500,46,25,0
31510,46,25,0
31530,46,25,0
31547,49,27,0
31550,46,25,0
31552,46,25,0
31560,235,100,0
31580,235,100,0
31590,235,100,0
31610,108,40,0
31613,108,40,0
31620,108,40,0
31630,108,40,0
31631,108,40,0
31641,108,40,0
31650,108,40,0
31660,144,64,0
31670,144,64,0
31680,225,102,0
31700,144,64,0
31720,144,64,0
31731,207,83,0
31736,232,91,0
31765,191,79,0
31791,191,79,0
31811,258,247,0
31818,191,74,0
31830,178,74,0
31850,178,74,0
31871,178,74,0
31890,178,74,0
31900,178,74,0
31910,178,74,0
31920,177,73,0
31930,177,73,0
31940,177,73,0
31950,177,73,0
31970,177,73,0
31990,177,73,0
32010,177,73,0
32011,178,74,0
32013,3,0,0
32030,186,79,0
32100,149,64,0
32120,226,99,0
32140,225,99,0
32150,149,64,0
32160,149,64,0
32165,110,41,0
32180,110,41,0
32182,110,41,0
32192,110,41,0
32200,110,41,0
32210,110,41,0
32215,110,41,0
32364,314,204,0
32371,142,142,0
32420,56,110,0
32421,56,110,0
32423,56,110,0
32425,56,110,0
32426,56,110,0
32427,56,110,0
32428,56,110,0
32429,56,110,0
32430,56,110,0
32431,56,110,0
32432,56,110,0
32433,56,110,0
32435,38,87,0
32436,38,87,0
32438,38,87,0
32439,38,87,0
32440,38,87,0
32441,38,87,0
32442,38,87,0
32443,38,87,0
32601,38,87,0
32610,38,87,0
32620,38,87,0
32630,38,87,0
32640,38,87,0
32660,38,87,0
33220,280,116,0
33221,127,124,0
34544,3,1,0
34640,92,38,0
34650,91,38,0
34680,91,38,0
34690,91,38,0
34700,91,38,0
34730,91,38,0
34740,91,38,0
34750,91,38,0
34760,91,38,0
34770,91,38,0
34780,91,38,0
34800,91,38,0
34820,91,38,0
34840,91,38,0
34860,91,38,0
34880,92,38,0
34910,89,37,0
34930,90,37,0
34940,89,37,0
34960,89,37,0
34980,89,37,0
35000,89,37,0
35020,89,37,0
35030,89,37,0
35050,89,37,0
35060,89,37,0
35070,89,37,0
35080,89,37,0
35100,89,37,0
35110,89,37,0
35120,89,37,0
35140,89,37,0
35149,90,37,0
35230,293,136,0
35231,149,69,0
35233,149,69,0
35250,149,69,0
35270,151,69,0
35290,253,112,0
35317,1139,510,0
35318,561,239,0
35319,12,0,0
35331,157,75,0
35332,158,75,0
35333,158,75,0
35334,158,75,0
35336,157,75,0
35338,157,75,0
35350,145,67,0
35380,145,67,0
35400,145,67,0
35420,145,67,0
35440,145,67,0
35530,294,136,0
35540,149,69,0
35550,149,69,0
35551,149,69,0
35570,306,136,0
35580,306,136,0
35600,149,69,0
35630,149,69,0
35660,299,144,0
35670,449,219,0
35691,149,69,0
35721,149,69,0
35770,0,69,0
35790,0,69,0
35800,147,0,0
35820,147,0,0
35821,147,70,0
35825,174,80,0
35850,147,70,0
35860,147,70,0
35890,147,70,0
35910,147,70,0
35940,147,70,0
35960,91,38,0
35979,91,38,0
35990,91,38,0
36090,70,27,0
36100,70,27,0
36110,70,27,0
36120,70,27,0
36140,70,27,0
36145,70,27,0
36155,70,27,0
36170,163,27,0
36180,163,27,0
36190,163,27,0
36300,194,83,0
36320,87,36,0
36330,87,36,0
36360,87,36,0
36370,87,36,0
36380,87,36,0
36390,26,0,0
36400,88,36,0
36410,88,36,0
36420,88,36,0
36440,88,36,0
36450,88,36,0
36470,88,36,0
36472,88,36,0
36480,88,36,0
36490,163,27,0
36500,163,27,0
36510,163,27,0
36520,163,27,0
36522,163,27,0
36525,132,0,0
36530,70,27,0
36540,70,27,0
36560,70,27,0
36580,70,27,0
36680,89,37,0
36690,89,37,0
36700,89,37,0
36711,89,37,0
36720,89,37,0
36730,146,71,0
36750,146,71,0
36752,137,132,72
36774,146,71,0
36791,146,71,0
36800,146,71,0
36830,146,71,0
36845,146,71,0
36860,146,0,0
36890,0,67,0
36910,0,67,0
36931,307,135,0
36940,307,135,0
36960,307,135,0
36961,145,67,0
36991,145,67,0
37020,145,67,0
37040,145,67,0
37060,145,67,0
37074,145,67,0
37078,297,131,0
37080,145,67,0
37081,297,131,0
37083,297,131,0
37086,145,67,0
37087,145,67,0
37088,145,67,0
37089,145,67,0
37090,87,36,0
37100,141,142,0
37110,141,142,0
37120,54,106,0
37130,229,178,0
37140,142,142,0
37150,87,36,0
37160,87,36,0
37170,87,36,0
37180,87,36,0
37200,87,36,0
37220,177,73,0
37350,145,0,0
37352,145,0,0
37353,145,0,0
37359,293,136,0
37360,144,67,0
37381,144,67,0
37400,145,67,0
37410,144,67,0
37420,144,67,0
37430,144,67,0
37440,144,67,0
37450,144,67,0
37460,144,67,0
37470,144,67,0
37480,144,67,0
37490,144,67,0
37500,144,67,0
37510,144,67,0
37520,19,0,0
37530,19,0,0
37540,19,0,0
37550,19,0,0
37560,19,0,0
37570,19,0,0
37571,19,0,0
37600,19,0,0
37748,19,0,0
37749,19,1,0
37750,19,1,0
37760,19,1,0
37770,19,1,0
37780,19,1,0
37790,19,1,0
37800,19,1,0
37810,19,1,0
37820,19,1,0
37830,19,1,0
37840,19,1,0
37841,144,67,0
37846,163,68,0
37849,162,68,0
37850,162,68,0
37860,162,68,0
37870,162,68,0
37880,143,68,0
37890,143,68,0
37900,143,68,0
37910,143,68,0
37920,143,68,0
37930,143,68,0
37940,143,68,0
37950,143,68,0
37970,143,68,0
37980,143,68,0
37990,143,68,0
38000,143,68,0
38020,143,68,0
38022,149,0,0
38024,149,0,0
38050,143,65,0
38060,143,65,0
38080,143,65,0
38090,143,65,0
38100,143,65,0
38110,143,65,0
38145,294,136,0
38160,294,136,0
38180,137,61,0
38200,137,61,0
38220,137,61,0
38235,137,69,0
38240,137,61,0
38260,137,61,0
38350,19,0,0
38370,19,0,0
38390,19,1,0
38410,19,1,0
38530,135,61,0
38550,135,61,0
38567,136,70,0
38570,135,61,0
38590,135,61,0
38610,135,61,0
38620,293,136,0
38650,293,136,0
38653,211,136,0
38670,144,67,0
38680,144,67,0
38700,144,67,0
38720,144,67,0
38730,144,67,0
38810,144,67,0
38840,103,37,0
38850,103,37,0
38870,103,37,0
38890,103,37,0
38900,103,37,0
38910,103,37,0
38920,103,37,0
38930,103,37,0
38962,103,37,0
39230,101,38,0
39240,101,38,0
39250,101,38,0
39260,101,38,0
39270,101,38,0
39290,101,38,0
39310,101,38,0
39320,101,38,0
39332,101,38,0
39334,101,38,0
39336,103,37,0
39340,101,38,0
39341,103,37,0
39350,143,65,0
39420,13,0,0
39428,13,0,0
39429,13,0,0
39431,194,83,0
39438,13,0,0
39439,13,0,0
39440,13,0,0
39441,13,0,0
39442,13,0,0
39443,13,0,0
39445,13,0,0
39446,13,0,0
39447,13,0,0
39448,13,0,0
39450,13,0,0
39451,13,0,0
39452,13,0,0
39453,13,0,0
39454,13,0,0
39455,13,0,0
39456,13,0,0
39458,3,0,0
39459,3,0,0
39460,3,0,0
39461,3,0,0
39462,3,0,0
39463,3,0,0
39464,3,0,0
39465,3,0,0
39466,3,0,0
39467,3,0,0
39468,3,0,0
39469,3,0,0
39470,3,0,0
39471,3,0,0
39472,3,0,0
39473,3,0,0
39475,5,0,0
39476,5,0,0
39477,5,0,0
39479,5,0,0
39480,5,0,0
39490,5,0,0
39500,5,0,0
39510,5,0,0
39520,5,0,0
39530,5,0,0
39540,5,0,0
39550,5,0,0
39560,5,0,0
39750,5,0,0
39760,5,0,0
39770,5,0,0
39790,13,0,0
39800,13,0,0
39810,13,0,0
39820,13,0,0
39830,13,0,0
39840,13,0,0
39850,13,0,0
39860,13,0,0
39870,13,0,0
39880,13,0,0
39890,13,0,0
39900,13,0,0
39910,13,0,0
39920,13,0,0
39930,13,0,0
39940,13,0,0
39955,13,0,0
39965,13,0,0
39976,214,91,0
39980,219,91,0
39983,198,82,0
39990,219,91,0
40010,87,36,0
40012,87,36,0
40016,70,27,0
40018,70,27,0
40020,70,27,0
40030,152,64,0
40032,152,64,0
40035,152,64,0
40038,152,64,0
40040,152,64,0
40042,152,64,0
40044,152,64,0
40046,152,64,0
40049,346,142,0
40050,350,146,0
40052,157,67,0
40054,157,67,0
40056,157,67,0
40058,157,67,0
40060,157,67,0
40065,157,67,0
40068,157,67,0
40070,157,67,0
40073,113,56,0
40077,116,56,0
40078,68,31,0
40093,71,33,0
40097,71,33,0
40101,71,33,0
40103,74,32,0
40125,74,32,0
40801,4,0,0
40802,4,0,0
40804,4,0,0
40806,4,0,0
40807,4,0,0
40811,87,36,0
40812,87,36,0
40813,87,36,0
40823,87,36,0
40825,87,36,0
40826,87,36,0
40828,87,36,0
40871,257,104,0
40873,257,104,0
40876,257,104,0
40880,108,40,0
40881,108,40,0
40882,108,40,0
40885,108,40,0
40890,108,40,0
40892,108,40,0
40894,108,40,0
40896,108,40,0
40898,108,40,0
40900,108,40,0
40999,108,40,0
41000,110,41,0
41010,110,41,0
41020,110,41,0
41030,110,41,0
41040,110,41,0
41060,110,41,0
41080,110,41,0
41119,88,36,0
41121,88,36,0
41122,88,36,0
41123,88,36,0
41124,88,36,0
41125,88,36,0
41126,88,36,0
41128,88,36,0
41131,87,36,0
41134,87,36,0
41135,87,36,0
41136,87,36,0
41137,87,36,0
41138,87,36,0
41237,88,36,0
41247,88,36,0
41248,88,36,0
41251,88,36,0
41255,275,113,0
41270,195,77,0
41280,195,77,0
41290,195,77,0
41300,195,77,0
41320,79,35,0
41340,196,78,0
41350,196,78,0
41360,196,78,0
41370,196,78,0
41380,196,78,0
41390,196,78,0
41430,149,69,0
41450,145,67,0
41740,685,319,0
41750,431,214,0
41760,288,138,0
41780,288,138,0
41800,288,138,0
41805,288,138,0
41819,288,138,0
41830,288,138,0
41850,288,138,0
41870,288,138,0
41880,288,138,0
41890,139,74,0
41900,155,64,0
41902,42,9,0
41904,144,76,0
41908,144,76,0
41930,149,64,0
41940,163,64,0
41950,163,64,0
41955,23,0,0
41965,183,73,0
41970,293,192,0
41980,284,138,0
41981,8,0,0
41982,177,113,0
41986,140,74,0
41987,33,9,0
41988,107,65,0
41989,33,9,0
41990,152,64,0
42000,152,64,0
42010,144,64,0
42048,287,140,0
42050,287,140,0
42070,287,140,0
42080,287,140,0
42091,287,140,0
42105,287,140,0
42120,287,140,0
42130,287,140,0
42140,287,140,0
42200,30,20,0
42210,30,20,0
42240,29,20,0
42250,29,20,0
42351,33,12,0
42358,64,31,0
42370,64,31,0
42380,64,31,0
42390,64,31,0
42400,64,31,0
42420,64,31,0
42500,66,32,0
42520,66,32,0
42540,66,32,0
42550,66,32,0
42560,66,32,0
42570,66,32,0
42576,130,63,0
42585,33,12,0
42650,30,10,0
42660,30,10,0
42670,30,10,0
42680,30,10,0
43020,74,31,0
43030,74,31,0
43050,74,31,0
43060,74,31,0
43070,74,31,0
43080,75,32,0
43090,75,32,0
43095,149,63,0
43100,75,32,0
43110,75,32,0
43130,75,32,0
43706,139,68,0
43710,140,68,0
43712,139,68,0
43714,139,68,0
43716,139,68,0
43720,139,68,0
43724,139,68,0
43728,139,68,0
43765,216,171,72
43770,137,132,72
43778,137,132,72
43782,137,132,72
43784,137,132,72
43788,138,132,72
43792,137,132,72
44968,8,0,0
44969,8,0,0
44970,8,0,0
44972,8,0,0
44974,8,0,0
44976,8,0,0
44977,8,0,0
44978,8,0,0
44980,8,0,0
45010,8,0,0
45020,8,0,0
45021,8,0,0
45022,8,0,0
45023,8,0,0
45024,8,0,0
45070,80,33,0
45080,80,33,0
45090,80,33,0
45101,74,32,0
45110,154,65,0
45120,154,65,0
45130,154,65,0
45140,154,65,0
45145,82,32,0
45170,8,0,0
45175,74,32,0
45180,74,32,0
45190,74,32,0
45191,86,32,0
45219,86,32,0
45230,74,32,0
45240,74,32,0
45260,74,32,0
45270,74,32,0
45280,170,65,0
45285,156,46,0
45288,156,46,0
45301,82,33,0
45303,106,33,0
45305,221,66,0
45320,589,268,0
45340,123,58,0
45350,123,58,0
45360,139,74,0
45375,139,74,0
45390,139,74,0
45400,139,74,0
45410,139,74,0
45430,139,74,0
45440,139,74,0
45441,139,74,0
45442,139,74,0
45451,139,74,0
45452,139,74,0
45453,139,74,0
45460,139,74,0
45610,89,37,0
45630,89,37,0
45648,180,75,0
45649,225,111,0
45651,314,148,0
45670,225,111,0
45680,225,111,0
45692,139,74,0
45700,139,74,0
45731,139,74,0
45732,139,74,0
45740,257,104,0
45751,257,104,0
45770,155,72,0
45780,155,72,0
45790,155,72,0
45800,155,72,0
45810,155,72,0
45820,155,72,0
45840,155,72,0
45850,155,72,0
45870,152,69,0
45880,152,69,0
45900,152,69,0
45910,152,69,0
45920,152,69,0
45940,152,69,0
45960,152,69,0
46022,254,105,0
46025,254,105,0
46040,143,76,0
46061,143,76,0
46080,143,76,0
46092,225,111,0
46101,225,111,0
46110,225,111,0
46130,91,38,0
46150,91,38,0
46165,91,38,0
46221,143,76,0
46233,143,76,0
46234,143,76,0
46235,143,76,0
46294,143,76,0
46330,143,76,0
46331,143,76,0
46350,143,76,0
46365,143,76,0
46380,143,76,0
46390,143,76,0
46410,143,76,0
46420,128,60,0
46430,128,60,0
46440,605,271,0
46450,459,206,0
46463,103,63,0
46464,251,118,0
46465,201,75,0
46466,152,46,0
46468,152,46,0
46472,160,46,0
46474,159,66,0
46476,13,0,0
46477,327,152,0
46478,218,97,0
46479,164,59,0
46480,71,33,0
46490,71,33,0
46500,71,33,0
46504,146,65,0
46505,144,65,0
46510,71,33,0
46520,84,33,0
46530,84,33,0
46541,230,98,0
46550,71,33,0
46560,71,33,0
46565,79,33,0
46570,8,0,0
46575,8,0,0
46578,146,65,0
46579,144,65,0
46580,146,65,0
46585,144,65,0
46590,146,65,0
46595,144,65,0
46600,157,66,0
46610,157,66,0
46620,157,66,0
46630,157,66,0
46640,86,33,0
46650,86,33,0
46660,86,33,0
46670,86,33,0
46672,86,33,0
46674,86,33,0
46720,8,0,0
46730,8,0,0
46766,4,2,0
46769,61,12,0
46770,33,7,0
46773,33,7,0
46776,7,0,0
46785,7,0,0
46791,32,7,0
46792,31,7,0
46800,32,7,0
46818,5,0,0
46819,2,0,0
46822,13,0,0
46830,32,7,0
46840,32,7,0
46850,32,7,0
46870,32,7,0
46871,33,7,0
46880,32,7,0
46888,32,7,0
46890,32,7,0
47080,33,7,0
47110,33,7,0
47120,31,7,0
47165,6,0,0
47175,6,0,0
47200,52,47,0
47202,26,24,0
47203,26,23,0
47204,26,24,0
47205,26,23,0
47206,26,23,0
47230,25,7,0
47235,8,0,0
47240,33,7,0
47255,35,14,0
47260,104,35,0
47263,113,68,0
47270,109,51,0
47275,109,51,0
47280,109,51,0
47320,57,34,0
47330,57,34,0
47340,57,34,0
47360,57,34,0
47369,52,47,0
47370,83,57,0
47390,83,57,0
47400,83,57,0
47403,78,41,0
47404,78,41,0
47405,78,41,0
47406,78,41,0
47407,78,41,0
47410,83,57,0
47412,78,41,0
47413,78,41,0
47415,78,41,0
47416,11,6,0
47417,78,41,0
47419,52,18,0
47420,57,34,0
47430,57,34,0
47440,57,34,0
47450,57,34,0
47451,57,34,0
47460,57,34,0
47470,57,34,0
47480,57,34,0
47490,57,34,0
47510,57,34,0
47520,57,34,0
47530,57,34,0
47540,57,34,0
47550,57,34,0
47570,57,34,0
47580,57,34,0
47590,57,34,0
47600,57,34,0
47610,57,34,0
47620,57,34,0
47630,57,34,0
47646,294,141,0
47660,185,82,0
47719,194,83,0
47740,155,72,0
47750,75,34,0
47760,75,34,0
47770,75,34,0
47780,75,34,0
47790,75,34,0
47809,75,34,0
47820,75,34,0
47840,75,34,0
47850,75,34,0
47872,75,34,0
47890,162,70,0
47900,75,34,0
47920,75,34,0
47931,75,34,0
47970,9,0,0
47972,9,0,0
47973,30,20,0
47974,30,20,0
48280,76,34,0
48290,76,34,0
48310,164,70,0
48311,164,70,0
48330,76,34,0
48346,76,34,0
48360,76,34,0
48370,76,34,0
48390,76,34,0
48398,76,34,0
48410,76,34,0
48430,76,34,0
48440,76,34,0
48451,76,34,0
48460,76,34,0
48470,152,69,0
48550,56,34,0
48570,56,34,0
48580,56,34,0
48590,56,34,0
48600,56,34,0
48610,56,34,0
48620,56,34,0
48630,56,34,0
48640,56,34,0
48660,56,34,0
48670,56,34,0
48680,56,34,0
48690,56,34,0
48710,56,34,0
48720,56,34,0
48730,56,34,0
48740,56,34,0
48741,56,34,0
48750,56,34,0
48760,56,34,0
48770,56,34,0
48780,56,34,0
48790,82,58,0
48800,82,58,0
48810,82,58,0
48820,56,34,0
48840,56,34,0
48860,56,34,0
48870,56,34,0
48880,56,34,0
48920,108,52,0
48925,108,52,0
48930,108,52,0
48949,203,97,0
48950,56,34,0
48960,56,34,0
48972,52,17,0
48974,52,17,0
48978,52,17,0
48980,52,17,0
48990,52,17,0
49011,52,17,0
49050,52,17,0
49060,52,17,0
49070,52,17,0
49080,52,17,0
49100,52,17,0
49110,52,17,0
49120,52,17,0
49133,52,17,0
49150,52,17,0
49160,52,17,0
49169,52,17,0
49180,52,17,0
49190,52,17,0
49290,237,107,0
49301,237,107,0
49350,88,36,0
49356,80,38,0
49358,80,38,0
49360,88,36,0
49362,80,38,0
49367,80,38,0
49370,80,38,0
49380,80,38,0
49390,80,38,0
49400,80,38,0
49410,80,38,0
49420,80,38,0
49430,80,38,0
49440,80,38,0
49450,80,38,0
49460,80,38,0
49470,80,38,0
49480,80,38,0
49490,167,74,0
49500,167,74,0
49510,167,74,0
49520,167,74,0
49530,167,74,0
49540,167,74,0
49550,167,74,0
49552,87,36,0
49553,88,36,0
49554,87,36,0
49555,88,36,0
49556,87,36,0
49557,88,36,0
49558,87,36,0
49561,88,36,0
49562,87,36,0
49563,88,36,0
49564,87,36,0
49565,88,36,0
49566,87,36,0
49567,88,36,0
49568,87,36,0
49571,88,36,0
49572,87,36,0
49574,87,36,0
49576,87,36,0
49577,88,36,0
49580,80,38,0
49585,164,70,0
49586,162,70,0
49588,162,70,0
49592,87,36,0
49595,88,36,0
49599,80,38,0
49610,80,38,0
49630,80,38,0
49660,80,38,0
49670,80,38,0
49690,80,38,0
49700,80,38,0
49710,80,38,0
49720,80,38,0
49724,76,35,0
49725,76,35,0
49726,76,35,0
49730,80,38,0
49731,80,38,0
49732,80,38,0
49733,80,38,0
49739,76,35,0
49740,76,35,0
49750,76,35,0
49753,76,35,0
49754,80,38,0
49755,76,35,0
49757,76,35,0
49758,80,38,0
49760,76,35,0
49770,76,35,0
49775,80,38,0
49780,76,35,0
49810,76,35,0
49820,76,35,0
49840,76,35,0
49860,164,71,0
49870,164,71,0
49880,164,71,0
49900,164,71,0
49910,164,71,0
49920,164,71,0
49930,76,35,0
49940,76,35,0
49950,76,35,0
49960,76,35,0
49970,76,35,0
49980,76,35,0
50010,76,35,0
50020,76,35,0
50030,76,35,0
50050,76,35,0
50060,76,35,0
50061,76,35,0
50062,76,35,0
50063,76,35,0
50064,76,35,0
50065,76,35,0
50075,87,36,0
50125,144,73,0
50130,234,104,0
50140,234,104,0
50145,234,104,0
50250,52,18,0
50260,52,18,0
50270,52,18,0
50280,52,18,0
50290,52,18,0
50310,52,18,0
50320,52,18,0
50330,52,18,0
50340,52,18,0
50350,52,18,0
50360,52,18,0
50370,52,18,0
50380,52,18,0
50390,52,18,0
50445,52,18,0
50450,52,18,0
50461,52,18,0
50462,52,18,0
50466,52,18,0
50468,52,18,0
50480,263,132,0
50703,30,20,0
50707,30,20,0
50709,30,20,0
50712,157,78,0
50714,57,34,0
50717,93,54,0
50720,37,20,0
50724,29,20,0
50725,29,20,0
50726,29,20,0
50727,29,20,0
50728,29,20,0
50730,37,20,0
50731,30,20,0
50732,30,20,0
50733,30,20,0
50734,30,20,0
50735,37,20,0
50740,72,43,0
50741,72,43,0
50755,57,34,0
50758,37,20,0
50760,37,20,0
50761,37,20,0
50770,37,20,0
50772,110,63,0
50774,120,58,0
50779,160,81,0
50781,29,20,0
50783,29,20,0
50787,29,20,0
51301,26,0,0
51310,26,0,0
51330,52,0,0
51350,26,0,0
51360,26,0,0
51370,26,0,0
51380,26,0,0
51390,26,0,0
51400,26,0,0
51403,194,83,0
51410,26,0,0
51459,194,83,0
51471,194,83,0
51520,194,83,0
51551,185,82,0
51552,194,83,0
51581,194,83,0
51600,194,83,0
51615,194,83,0
51651,194,83,0
51728,75,34,0
51740,75,34,0
51760,75,34,0
51770,75,34,0
51780,75,34,0
51790,75,34,0
51800,75,34,0
51810,75,34,0
51820,75,34,0
51830,75,34,0
51834,75,34,0
51870,152,69,0
51877,76,34,0
51882,76,34,0
51890,76,34,0
51900,76,34,0
51910,76,34,0
51920,76,34,0
51930,76,34,0
51940,76,34,0
51960,76,34,0
51970,76,34,0
51972,76,34,0
52030,185,82,0
52051,185,82,0
52081,185,82,0
52120,185,82,0
52140,185,82,0
52200,185,82,0
52240,185,82,0
52261,185,82,0
52281,185,82,0
52300,316,138,0
52301,150,76,0
52302,26,0,0
52303,194,83,0
52304,484,219,0
52305,208,103,0
52306,260,104,0
52353,18,0,0
52380,26,0,0
52400,26,0,0
52410,26,0,0
52411,26,0,0
52636,93,42,0
52637,93,42,0
52638,93,42,0
52639,93,42,0
52710,52,17,0
52720,52,17,0
52800,203,97,0
53050,30,20,0
53054,30,20,0
53056,30,20,0
53058,30,20,0
53070,110,41,0
53072,110,41,0
53380,52,18,0
53400,52,18,0
53420,52,18,0
53501,88,39,0
53502,88,39,0
53504,9,0,0
53505,88,39,0
53508,63,34,0
53511,88,39,0
53526,29,20,0
53530,29,20,0
53532,29,20,0
53536,29,20,0
53538,29,20,0
53550,194,85,0
53706,26,0,0
53720,294,141,0
53740,294,141,0
53850,87,36,0
53860,87,36,0
53870,162,70,0
53910,88,36,0
53946,52,18,0
53975,316,138,0
53978,26,0,0
53979,26,0,0
54000,8,0,0
54001,8,0,0
54002,8,0,0
54003,8,0,0
54005,8,0,0
54010,8,0,0
54015,8,0,0
54020,8,0,0
54025,8,0,0
54030,8,0,0
54035,8,0,0
54045,8,0,0
54050,8,0,0
54055,8,0,0
54060,8,0,0
54065,8,0,0
54070,8,0,0
54075,8,0,0
54080,8,0,0
54085,8,0,0
54090,8,0,0
54095,8,0,0
54100,8,0,0
54105,8,0,0
54110,8,0,0
54115,8,0,0
54120,8,0,0
54125,8,0,0
54130,8,0,0
54135,8,0,0
54140,8,0,0
54145,8,0,0
54146,80,33,0
54147,80,33,0
54148,80,33,0
54150,94,33,0
54152,94,33,0
54155,86,33,0
54201,146,65,0
54202,144,65,0
54203,146,65,0
54204,144,65,0
54205,146,65,0
54206,231,101,0
54760,8,0,0
54770,8,0,0
54780,8,0,0
54790,8,0,0
54800,8,0,0
54810,8,0,0
54820,8,0,0
54830,8,0,0
54841,8,0,0
54842,166,66,0
54843,86,33,0
54860,8,0,0
54870,8,0,0
54880,8,0,0
54944,80,33,0
54971,80,33,0
54972,86,33,0
54980,86,33,0
54990,96,33,0
55000,123,58,0
55010,123,58,0
55020,123,58,0
55030,123,58,0
55031,16,9,0
55040,123,58,0
55050,123,58,0
55060,123,58,0
55062,123,58,0
55064,262,132,0
55066,123,58,0
55068,123,58,0
55130,123,58,0
55140,123,58,0
55150,123,58,0
55160,123,58,0
55170,123,58,0
55180,123,58,0
55190,123,58,0
55200,123,58,0
55210,123,58,0
55220,123,58,0
55226,271,136,0
55228,143,76,0
55230,143,76,0
55240,143,76,0
55250,143,76,0
55260,143,76,0
55280,143,76,0
55290,143,76,0
55300,143,76,0
55310,143,76,0
55320,143,76,0
55330,143,76,0
55340,143,76,0
55350,143,76,0
55360,143,76,0
55370,143,76,0
55371,139,74,0
55372,143,76,0
55373,139,74,0
55374,143,76,0
55375,139,74,0
55376,143,76,0
55377,139,74,0
55378,143,76,0
55380,139,74,0
55395,139,74,0
55400,139,74,0
55410,139,74,0
55420,139,74,0
55430,139,74,0
55441,139,74,0
55450,139,74,0
55460,139,74,0
55470,139,74,0
55472,262,132,0
55474,262,132,0
55583,131,59,0
55589,125,59,0
55590,125,59,0
55593,125,59,0
55651,125,59,0
55661,125,59,0
55681,125,59,0
55702,125,59,0
55711,125,59,0
55729,125,59,0
55735,125,59,0
55771,125,59,0
55780,125,59,0
55790,125,59,0
55802,125,59,0
55812,125,59,0
55831,125,59,0
55851,125,59,0
55875,1,0,0
55926,144,65,0
55927,144,65,0
55928,174,65,0
55929,28,0,0
55938,233,83,0
55939,152,46,0
55940,1,0,0
55942,174,65,0
55943,5,0,0
55944,5,0,0
55945,27,0,0
55946,27,0,0
55947,27,0,0
55948,41,13,0
55960,128,60,0
55980,128,60,0
55991,128,60,0
56000,128,60,0
56021,128,60,0
56031,128,60,0
56041,128,60,0
56061,128,60,0
56081,128,60,0
56099,128,60,0
56111,128,60,0
56130,128,60,0
56151,353,171,0
56161,128,60,0
56162,128,60,0
56164,128,60,0
56165,128,60,0
56275,128,60,0
56280,128,60,0
56290,128,60,0
56300,128,60,0
56310,128,60,0
56320,128,60,0
56330,128,60,0
56340,128,60,0
56350,128,60,0
56360,128,60,0
56370,128,60,0
56372,128,60,0
56373,128,60,0
56374,271,136,0
56376,128,60,0
56440,128,60,0
56450,128,60,0
56460,128,60,0
56470,128,60,0
56480,128,60,0
56500,128,60,0
56510,88,33,0
56519,80,33,0
56522,86,33,0
56610,88,33,0
56620,88,33,0
56631,88,33,0
56649,8,0,0
56660,8,0,0
56670,8,0,0
56680,8,0,0
56690,8,0,0
56700,8,0,0
56710,8,0,0
56720,8,0,0
56730,8,0,0
56741,8,0,0
56790,88,33,0
56792,88,33,0
56795,8,0,0
56800,8,0,0
56805,16,0,0
56810,8,0,0
56815,8,0,0
56820,8,0,0
56825,8,0,0
56830,8,0,0
56835,8,0,0
56840,8,0,0
56845,8,0,0
56850,8,0,0
56855,8,0,0
56860,8,0,0
56865,8,0,0
56870,8,0,0
56871,8,0,0
56872,8,0,0
56874,8,0,0
56875,8,0,0
56876,8,0,0
56877,8,0,0
56878,8,0,0
56879,8,0,0
56880,8,0,0
56881,8,0,0
56882,8,0,0
56883,8,0,0
57000,14,9,0
57010,14,9,0
57020,14,9,0
57050,14,9,0
57060,14,9,0
57070,55,32,0
57090,55,32,0
57100,55,32,0
57110,55,32,0
57111,55,32,0
57112,55,32,0
57113,55,32,0
57117,56,33,0
57118,56,33,0
57119,56,33,0
57120,69,41,0
57121,69,41,0
57122,69,41,0
57123,69,41,0
57126,55,32,0
57127,69,41,0
57128,14,9,0
57130,100,37,0
57140,100,37,0
57141,69,41,0
57142,55,32,0
57144,55,32,0
57148,14,9,0
57149,14,9,0
57150,100,37,0
57151,30,18,0
57152,69,41,0
57155,14,9,0
57156,100,37,0
57159,100,37,0
57160,100,37,0
57162,100,37,0
57163,14,9,0
57164,100,37,0
57165,14,9,0
57168,16,9,0
57169,16,9,0
57171,16,9,0
57172,16,9,0
57173,16,9,0
57174,16,9,0
57175,16,9,0
57176,16,9,0
57177,16,9,0
57178,16,9,0
57180,100,37,0
57181,14,9,0
57182,14,9,0
57183,14,9,0
57185,100,37,0
57187,57,34,0
57188,72,43,0
57189,16,9,0
57190,100,37,0
57191,14,9,0
57197,14,9,0
57198,14,9,0
57199,14,9,0
57200,100,37,0
57201,81,36,0
57202,81,36,0
57203,14,9,0
57204,14,9,0
57205,14,9,0
57206,14,9,0
57207,14,9,0
57208,14,9,0
57209,14,9,0
57210,100,37,0
57211,14,9,0
57212,14,9,0
57213,14,9,0
57218,14,9,0
57219,14,9,0
57220,100,37,0
57230,100,37,0
57240,100,37,0
57250,100,37,0
57260,100,37,0
57270,100,37,0
57280,101,38,0
57290,101,38,0
57300,101,38,0
57310,101,38,0
57320,101,38,0
57330,101,38,0
57340,101,38,0
57350,101,38,0
57360,101,38,0
57370,101,38,0
57375,101,38,0
57390,101,38,0
57400,101,38,0
57405,101,38,0
57407,101,38,0
57408,14,9,0
57409,101,38,0
57410,101,38,0
57411,14,9,0
57413,14,9,0
57420,101,38,0
57422,100,37,0
57423,14,9,0
57429,56,33,0
57430,101,38,0
57434,56,33,0
57436,56,33,0
57437,56,33,0
57438,56,33,0
57440,56,33,0
57445,56,33,0
57446,123,61,0
57447,56,33,0
57448,56,33,0
57450,56,33,0
57451,105,40,0
57452,278,112,0
57453,279,133,0
57454,7,0,0
57455,123,61,0
57458,128,58,0
57459,125,54,0
57460,56,33,0
57461,120,58,0
57462,120,58,0
57470,56,33,0
57478,123,61,0
57479,123,61,0
57480,56,33,0
57481,23,9,0
57482,16,9,0
57493,55,32,0
57496,55,32,0
57512,55,32,0
57516,55,32,0
57518,56,33,0
57519,56,33,0
57521,55,32,0
57522,55,32,0
57528,55,32,0
57530,56,33,0
57534,119,62,0
57535,119,62,0
57536,119,62,0
57560,8,0,0
57562,8,0,0
57563,8,0,0
57564,8,0,0
57566,8,0,0
57568,8,0,0
57570,8,0,0
57571,8,0,0
57572,8,0,0
57574,8,0,0
57600,156,71,0
57609,79,36,0
57610,79,36,0
57611,79,36,0
57612,79,36,0
57618,77,35,0
57619,77,35,0
57620,77,35,0
57621,77,35,0
57622,77,35,0
57623,77,35,0
57631,77,35,0
57632,77,35,0
57640,77,35,0
57650,77,35,0
57740,79,36,0
57755,19,6,0
57760,19,6,0
57765,19,6,0
57773,36,12,0
57774,337,142,0
57775,64,30,0
57776,75,18,0
57778,19,6,0
57784,105,40,0
57791,79,36,0
57792,162,72,0
57795,98,40,0
57804,98,40,0
57806,98,40,0
57810,98,40,0
57840,106,40,0
57846,34,9,0
57851,34,9,0
57852,34,9,0
57853,34,9,0
57854,34,9,0
57856,34,9,0
57860,106,40,0
57861,79,36,0
57892,18,0,0
57899,106,40,0
57900,106,40,0
57901,105,40,0
57902,106,40,0
57903,105,40,0
57904,106,40,0
57910,106,40,0
57912,106,40,0
57915,106,40,0
57920,106,40,0
57930,106,40,0
57940,106,40,0
57950,106,40,0
57960,106,40,0
57962,106,40,0
57990,106,40,0
58000,106,40,0
58010,106,40,0
58020,106,40,0
58028,165,65,0
58040,93,42,0
58043,88,39,0
58050,93,42,0
58051,88,39,0
58060,93,42,0
58061,88,39,0
58074,120,58,0
58075,120,58,0
58077,88,39,0
58078,88,39,0
58079,88,39,0
58080,93,42,0
58081,93,42,0
58082,93,42,0
58083,93,42,0
58084,93,42,0
58085,120,58,0
58086,120,58,0
58087,120,58,0
58088,171,69,0
58090,51,11,0
58092,51,11,0
58094,51,11,0
58095,51,11,0
58096,51,11,0
58098,51,11,0
58099,51,11,0
58101,51,11,0
58102,266,123,0
58104,266,123,0
58109,99,28,0
58110,123,61,0
58111,161,65,0
58112,267,126,0
58113,161,65,0
58114,267,126,0
58116,47,10,0
58118,47,10,0
58119,47,10,0
58121,47,10,0
58122,47,10,0
58126,47,10,0
58130,170,71,0
58132,170,71,0
58134,123,61,0
58135,2,0,0
58136,123,61,0
58137,2,0,0
58138,93,42,0
58139,2,0,0
58140,123,61,0
58141,88,39,0
58142,88,39,0
58144,171,72,0
58145,123,61,0
58148,105,40,0
58150,105,40,0
58170,105,40,0
58180,105,40,0
58190,105,40,0
58210,105,40,0
58220,105,40,0
58230,105,40,0
58235,105,40,0
58240,105,40,0
58255,105,40,0
58257,105,40,0
58260,105,40,0
58270,105,40,0
58310,105,40,0
58320,105,40,0
58340,98,39,0
58341,57,18,0
58342,98,39,0
58343,57,18,0
58344,64,30,0
58345,57,18,0
58350,17,6,0
58360,17,6,0
58370,17,6,0
58380,17,6,0
58389,77,35,0
58391,33,12,0
58393,77,35,0
58394,77,35,0
58400,77,35,0
58410,77,35,0
58481,79,36,0
58500,79,36,0
58511,79,36,0
58512,79,36,0
58513,79,36,0
58514,33,11,0
58536,19,6,0
58537,17,6,0
58538,19,6,0
58539,17,6,0
58540,19,6,0
58550,19,6,0
58560,19,6,0
58570,19,6,0
58580,19,6,0
58600,87,36,0
58610,88,36,0
58650,19,6,0
58730,19,6,0
58740,19,6,0
58750,19,6,0
58752,19,6,0
58754,19,6,0
58760,19,6,0
58777,56,34,0
58778,57,34,0
58780,19,6,0
58781,37,20,0
58782,16,0,0
58785,37,20,0
58790,17,6,0
58795,7,0,0
58796,57,34,0
58810,17,6,0
58811,17,6,0
58812,17,6,0
58820,17,6,0
58830,17,6,0
58840,17,6,0
58845,17,6,0
58855,19,6,0
58856,17,6,0
58858,17,6,0
58860,19,6,0
58862,19,6,0
58864,19,6,0
58865,17,6,0
58870,19,6,0
58872,17,6,0
58880,19,6,0
58882,17,6,0
58886,17,6,0
58888,19,6,0
58900,17,6,0
58902,19,6,0
58910,17,6,0
58912,19,6,0
58920,17,6,0
58960,17,6,0
58962,19,6,0
58964,19,6,0
58965,17,6,0
58980,17,6,0
58990,17,6,0
59010,17,6,0
59020,17,6,0
59029,17,6,0
59031,17,6,0
59032,19,6,0
59033,17,12,0
59034,19,0,0
59035,19,0,0
59036,19,0,0
59037,19,0,0
59038,19,0,0
59041,19,6,0
59047,56,33,0
59050,64,30,0
59053,56,33,0
59057,56,33,0
59059,56,33,0
59060,64,30,0
59061,56,33,0
59062,55,32,0
59063,56,33,0
59064,55,32,0
59065,56,33,0
59066,55,32,0
59067,56,33,0
59069,55,32,0
59070,64,30,0
59073,56,33,0
59077,56,33,0
59084,64,30,0
59086,64,30,0
59094,64,30,0
59096,64,30,0
59110,64,30,0
59120,64,30,0
59171,63,31,0
59173,63,31,0
59174,63,31,0
59175,63,31,0
59176,64,30,0
59177,64,30,0
59178,64,30,0
59200,63,31,0
59210,63,31,0
59220,63,31,0
59240,63,31,0
59250,63,31,0
59252,63,31,0
59254,63,31,0
59260,63,31,0
59270,63,31,0
59272,118,63,0
59282,238,126,0
59284,63,31,0
59286,63,31,0
59292,8,0,0
59295,9,0,0
59310,146,65,0
59312,362,142,0
59314,144,65,0
59316,207,94,0
59320,123,61,0
59330,123,61,0
59340,123,61,0
59350,123,61,0
59353,47,10,0
59354,47,10,0
59356,47,10,0
59357,47,10,0
59358,74,10,0
59359,47,10,0
59370,148,48,0
59380,148,48,0
59390,148,48,0
59400,148,48,0
59410,47,10,0
59420,47,10,0
59430,47,10,0
59441,47,10,0
59442,51,11,0
59443,47,10,0
59444,51,11,0
59460,47,13,0
59480,47,13,0
59490,47,13,0
59500,47,13,0
59510,47,13,0
59520,6,0,0
59540,6,0,0
59550,6,0,0
59552,105,23,0
59554,5,0,0
59555,46,10,0
59560,42,13,0
59561,27,0,0
59562,27,0,0
59563,27,0,0
59564,27,0,0
59565,27,0,0
59566,27,0,0
59567,27,0,0
59568,27,0,0
59569,27,0,0
59570,42,13,0
59580,42,13,0
59590,42,13,0
59600,42,13,0
59602,27,0,0
59603,27,0,0
59604,27,0,0
59605,6,0,0
59606,6,0,0
59610,42,13,0
59612,6,0,0
59613,6,0,0
59614,6,0,0
59615,6,0,0
59616,6,0,0
59630,42,13,0
59710,47,13,0
59712,47,13,0
59716,47,13,0
59718,47,13,0
59720,47,13,0
59724,47,13,0
59730,83,26,0
59740,83,26,0
59750,83,26,0
59751,83,26,0
59760,83,26,0
59772,47,13,0
59773,157,78,0
59785,47,13,0
59800,47,13,0
59810,47,13,0
59828,100,37,0
59830,147,50,0
59833,165,65,0
59839,188,70,0
59841,303,96,0
59842,177,51,0
59860,268,102,0
59868,146,65,0
59870,255,102,0
59872,146,65,0
59873,144,65,0
59876,146,65,0
59877,144,65,0
59881,180,65,0
59882,146,65,0
59891,253,103,0
59902,137,38,0
59904,28,0,0
59911,12,0,0
59934,101,38,0
59936,101,38,0
59938,148,51,0
59944,101,38,0
59945,101,38,0
59946,101,38,0
59947,101,38,0
59948,101,38,0
59949,101,38,0
59950,47,13,0
59951,101,38,0
59960,47,13,0
59971,47,13,0
59974,47,13,0
59976,47,13,0
60001,83,26,0
60010,47,13,0
60020,47,13,0
60022,47,13,0
60026,47,13,0
60100,41,13,0
60120,41,13,0
60130,41,13,0
60136,6,0,0
60137,5,0,0
60140,41,13,0
60142,21,0,0
60144,21,0,0
60146,21,0,0
60147,21,0,0
60148,21,0,0
60150,41,13,0
60151,5,0,0
60152,5,0,0
60153,5,0,0
60154,5,0,0
60155,5,0,0
60156,5,0,0
60157,5,0,0
60158,5,0,0
60159,21,0,0
60161,181,47,0
60162,5,0,0
60163,5,0,0
60164,5,0,0
60165,5,0,0
60166,5,0,0
60167,5,0,0
60168,5,0,0
60172,5,0,0
60173,5,0,0
60174,5,0,0
60175,5,0,0
60177,56,11,0
60180,5,0,0
60184,47,10,0
60185,56,11,0
60186,51,11,0
60190,5,0,0
60202,5,0,0
60220,47,13,0
60230,47,13,0
60240,47,13,0
60250,47,13,0
60260,47,13,0
60300,51,11,0
60310,51,11,0
60320,151,48,0
60340,151,48,0
60350,151,48,0
60359,100,37,0
60360,51,11,0
60361,100,37,0
60362,100,37,0
60363,100,37,0
60364,100,37,0
60366,100,37,0
60367,100,37,0
60370,79,11,0
60372,51,11,0
60373,28,0,0
60374,51,11,0
60375,51,11,0
60376,51,11,0
60378,51,11,0
60380,120,58,0
60400,120,58,0
60410,120,58,0
60420,120,58,0
60428,120,58,0
60435,51,11,0
60450,55,32,0
60453,71,33,0
60454,55,32,0
60455,55,32,0
60456,55,32,0
60457,55,32,0
60459,81,36,0
60461,81,36,0
60463,81,36,0
60465,81,36,0
60467,81,36,0
60469,81,36,0
60471,77,34,0
60473,77,34,0
60475,77,34,0
60477,77,34,0
60479,77,34,0
60480,70,34,0
60482,63,33,0
60484,56,33,0
60485,70,34,0
60486,56,33,0
60487,56,33,0
60489,70,34,0
60490,70,34,0
60491,70,34,0
60494,73,36,0
60498,28,9,0
60499,30,10,0
60500,30,10,0
60505,30,10,0
60510,30,10,0
60515,30,10,0
60520,30,10,0
60526,30,10,0
60527,30,10,0
60528,30,10,0
60529,30,10,0
60531,30,10,0
60534,33,12,0
60537,33,12,0
60557,28,9,0
60566,33,11,0
60567,33,11,0
60568,28,9,0
60569,33,11,0
60571,28,9,0
60573,33,12,0
60574,28,9,0
60575,33,12,0
60576,33,11,0
60577,28,9,0
60578,33,11,0
60579,28,9,0
60580,33,11,0
60581,28,9,0
60582,28,9,0
60583,28,9,0
60584,28,9,0
60585,28,9,0
60605,28,9,0
60620,33,12,0
60632,33,12,0
60634,63,22,0
60636,63,22,0
60637,63,22,0
60640,100,46,0
60646,30,10,0
60660,203,97,0
60670,203,97,0
60680,203,97,0
60710,203,97,0
60720,203,97,0
60729,203,97,0
60748,203,97,0
60750,203,97,0
60752,203,97,0
60760,203,97,0
60780,203,97,0
60790,203,97,0
60800,203,97,0
60806,28,9,0
60808,28,9,0
60810,203,97,0
60815,30,10,0
60817,30,10,0
60821,30,10,0
60830,203,97,0
60840,203,97,0
60850,203,97,0
60860,203,97,0
60880,348,156,0
60890,348,156,0
60900,296,139,0
60902,52,17,0
60903,52,18,0
60904,52,17,0
60906,52,18,0
60908,52,17,0
60909,52,18,0
60910,203,97,0
60911,52,18,0
60914,52,17,0
60915,52,18,0
60916,52,17,0
60920,195,76,0
60921,353,164,0
60922,400,173,0
60923,339,141,0
60930,195,76,0
60950,108,40,0
60958,108,40,0
60970,108,40,0
60980,108,40,0
60983,108,40,0
60990,110,41,0
61000,110,41,0
61012,110,41,0
61020,198,77,0
61040,198,77,0
61060,206,98,0
61070,294,137,0
61080,294,137,0
61082,9,5,0
61090,346,155,0
61100,206,98,0
61110,206,98,0
61120,206,98,0
61140,206,98,0
61150,206,98,0
61170,206,98,0
61180,263,132,0
61190,206,98,0
61201,206,98,0
61220,206,98,0
61230,206,98,0
61240,206,98,0
61243,206,98,0
61270,206,98,0
61280,206,98,0
61300,252,119,0
61310,206,98,0
61313,206,98,0
61330,98,45,0
61332,98,45,0
61335,61,20,0
61336,61,20,0
61338,61,20,0
61340,33,11,0
61342,33,11,0
61378,34,14,0
61380,34,14,0
61390,34,14,0
61400,34,14,0
61410,34,14,0
61420,34,14,0
61421,33,12,0
61422,34,14,0
61423,33,11,0
61424,34,14,0
61425,33,12,0
61426,34,14,0
61427,33,11,0
61428,33,11,0
61429,33,12,0
61430,34,14,0
61431,33,12,0
61433,33,11,0
61435,34,14,0
61437,62,23,0
61441,33,11,0
61442,33,11,0
61443,33,11,0
61444,33,11,0
61445,33,11,0
61446,33,11,0
61447,33,11,0
61448,33,11,0
61450,62,23,0
61453,33,11,0
61454,33,11,0
61456,33,12,0
61460,92,33,0
61462,33,12,0
61463,33,12,0
61464,33,12,0
61465,33,12,0
61466,33,12,0
61467,33,12,0
61468,33,12,0
61470,64,24,0
61473,28,9,0
61478,33,11,0
61480,34,14,0
61490,34,14,0
61493,33,12,0
61500,34,14,0
61510,34,14,0
61520,34,14,0
61530,34,14,0
61540,34,14,0
61550,34,14,0
61560,34,14,0
61570,34,14,0
61580,34,14,0
61740,46,21,0
61750,46,21,0
61760,46,21,0
61780,46,21,0
61790,46,21,0
61800,46,21,0
61810,46,21,0
61820,46,21,0
61830,92,42,0
61870,68,28,0
61996,33,12,0
61997,33,12,0
61998,33,12,0
61999,66,23,0
62002,28,9,0
62004,28,9,0
62005,28,9,0
62006,28,9,0
62008,28,9,0
62079,143,70,0
62081,73,36,0
62083,73,36,0
62085,73,36,0
62089,73,36,0
62094,73,36,0
62096,73,36,0
62097,73,36,0
62100,73,36,0
62102,73,36,0
62104,73,36,0
62106,73,36,0
62108,73,36,0
62112,73,36,0
62114,73,36,0
62116,73,36,0
62117,73,36,0
62133,73,36,0
62139,73,36,0
62142,73,36,0
62144,73,36,0
62151,73,36,0
62157,73,36,0
62159,73,36,0
62173,56,33,0
62175,56,33,0
62177,14,9,0
62178,14,9,0
62180,14,9,0
62184,14,9,0
62186,14,9,0
62187,69,41,0
62189,56,33,0
62190,14,9,0
62194,14,9,0
62196,14,9,0
62198,182,74,0
62202,182,74,0
62204,182,74,0
62208,182,74,0
62212,182,74,0
62213,174,74,0
62214,14,9,0
62216,177,71,0
62220,191,80,0
62228,191,80,0
62230,191,80,0
62234,177,71,0
62236,14,9,0
62287,73,36,0
62288,70,34,0
62290,70,34,0
62293,70,34,0
62294,70,34,0
62299,70,34,0
62301,70,34,0
62303,70,34,0
62307,70,34,0
62309,70,34,0
62313,70,34,0
62316,70,34,0
62317,70,34,0
62318,70,34,0
62319,70,34,0
62320,70,34,0
62324,70,34,0
62326,70,34,0
62328,70,34,0
62329,2,0,0
62331,73,36,0
62332,70,34,0
62333,70,34,0
62337,24,0,0
62338,26,0,26
62339,24,0,0
62341,24,0,0
62370,43,20,0
62380,16,10,0
63210,6,0,0
63215,6,0,0
63220,6,0,0
63240,6,0,0
63260,6,0,0
63261,18,10,0
63270,6,0,0
63280,22,10,0
63290,22,10,0
63300,22,10,0
63305,22,10,0
63310,22,10,0
63320,22,10,0
63330,22,10,0
63340,22,10,0
63350,22,10,0
63360,22,10,0
63370,22,10,0
63380,22,10,0
63404,4,0,0
63462,17,10,0
63490,4,0,0
63500,4,0,0
63515,21,10,0
63520,21,10,0
63530,21,10,0
63540,21,10,0
63550,21,10,0
63560,21,10,0
63570,21,10,0
63580,21,10,0
63590,21,10,0
63595,21,10,0
63600,21,10,0
63610,21,10,0
63620,21,10,0
63622,21,10,0
63630,6,0,0
63640,6,0,0
63660,6,0,0
63680,6,0,0
63685,6,0,0
63690,6,0,0
63714,4,0,0
63732,18,10,0
63733,17,10,0
63735,17,10,0
63736,18,10,0
63737,18,10,0
63741,17,10,0
63742,18,10,0
63743,18,10,0
63744,17,10,0
63810,24,0,0
63811,26,0,26
63812,39,12,0
63814,39,12,0
64048,4,0,0
64065,230,95,0
64140,230,93,0
64143,35,20,0
64145,4,0,0
64265,21,8,0
64270,20,8,0
64275,20,8,0
64285,21,8,0
64287,21,8,0
64288,21,8,0
64290,20,8,0
64295,21,8,0
64296,20,8,0
64308,59,30,0
64326,21,8,0
64329,9,7,0
64330,9,7,0
64332,29,15,0
64333,29,15,0
64340,9,7,0
64341,9,7,0
64358,18,14,0
64360,41,16,0
64364,21,8,0
64366,21,8,0
64370,42,16,0
64375,21,8,0
64378,21,8,0
64379,21,8,0
64380,42,16,0
64382,21,8,0
64383,21,8,0
64384,21,8,0
64385,21,8,0
64386,21,8,0
64387,21,8,0
64388,21,8,0
64395,20,8,0
64397,30,15,0
64398,30,15,0
64399,30,15,0
64401,9,7,0
64402,9,7,0
64403,9,7,0
64405,9,7,0
64406,9,7,0
64408,9,7,0
64409,18,14,0
64411,18,14,0
64413,18,14,0
64414,18,14,0
64415,9,7,0
64416,9,7,0
64417,9,7,0
64419,9,7,0
64421,9,7,0
64425,9,7,0
64435,21,8,0
64448,9,7,0
64450,36,32,0
64451,42,33,0
64456,42,33,0
64464,24,0,0
64465,24,0,0
64466,26,0,26
64467,24,0,0
64468,26,0,26
64470,9,7,0
64476,0,84,0
64477,0,84,0
64478,0,84,0
64480,9,7,0
64483,0,92,0
64484,0,84,0
64485,0,76,0
64486,0,76,0
64490,9,7,0
64502,74,26,0
64512,9,7,0
64540,36,32,0
64545,50,0,26
64548,36,32,0
64549,89,26,0
64554,42,33,0
64555,74,26,0
64557,36,32,0
64559,42,33,0
64561,94,26,0
64566,81,27,0
64568,42,33,0
64569,42,33,0
64572,36,32,0
64579,52,26,0
64582,42,33,0
64583,51,25,0
64584,51,25,0
64585,70,32,0
64586,36,32,0
64588,51,25,0
64589,51,25,0
64590,81,27,0
64591,51,25,0
64592,50,152,26
64593,9,7,0
64594,51,25,0
64598,51,25,0
64600,51,25,0
64605,51,25,0
64610,51,25,0
64620,51,25,0
64630,51,25,0
64640,51,25,0
64650,51,25,0
64660,51,25,0
64670,51,25,0
64720,50,24,0
64730,50,24,0
64740,50,24,0
64760,51,24,0
64768,64,24,0
64769,64,24,0
64770,64,24,0
64780,64,24,0
64790,158,63,0
64800,157,63,0
64802,84,33,0
64830,71,33,0
64835,78,32,0
64840,72,33,0
64845,64,24,0
64870,51,24,0
64890,50,24,0
64900,50,24,0
64910,50,24,0
64955,50,24,0
64956,50,24,0
64957,50,24,0
64958,50,24,0
64960,52,26,0
64970,52,26,0
64980,52,26,0
64990,52,26,0
65000,52,26,0
65010,52,26,0
65014,51,25,0
65015,52,26,0
65020,52,26,0
65030,52,26,0
65034,52,26,0
65036,52,26,0
65038,52,26,0
65039,52,26,0
65042,52,26,0
65044,52,26,0
65048,52,26,0
65049,52,26,0
65090,42,33,0
65092,60,51,0
65130,9,7,0
65140,9,159,0
65150,86,27,0
65158,14,0,0
65159,64,24,0
65252,74,32,0
65287,71,33,0
65300,71,33,0
65305,338,134,0
65320,28,0,0
65322,74,32,0
65323,28,0,0
65325,333,132,0
65328,37,0,0
65329,28,0,0
65335,37,0,0
65400,71,33,0
65402,71,33,0
65420,71,33,0
65432,71,33,0
65450,71,33,0
65460,71,33,0
65470,71,33,0
65480,71,33,0
65490,71,33,0
65500,71,33,0
65510,71,33,0
65520,71,33,0
65530,71,33,0
65540,71,33,0
65550,71,33,0
65560,71,33,0
65570,74,32,0
65580,74,32,0
65590,74,32,0
65600,74,32,0
65610,74,32,0
65620,74,32,0
65630,74,32,0
65640,74,32,0
65652,74,32,0
65660,74,32,0
65670,74,32,0
65680,74,32,0
65700,74,32,0
65720,74,32,0
65740,74,32,0
65925,14,0,0
65926,14,0,0
65927,14,0,0
65928,14,0,0
65930,14,0,0
65931,14,0,0
65940,14,0,0
66700,84,40,0
66710,51,24,0
66730,51,24,0
66740,51,24,0
66780,45,26,0
66790,45,26,0
66800,45,26,0
66810,45,26,0
66820,45,26,0
66830,45,26,0
66840,45,26,0
66850,45,26,0
66860,45,26,0
66870,45,26,0
66871,24,0,0
66874,102,42,0
66875,89,43,26
66880,45,26,0
66890,45,26,0
66900,45,26,0
66920,45,26,0
66930,45,26,0
67013,97,27,0
67014,499,189,0
67015,496,195,0
67021,136,55,0
67022,136,55,0
67023,131,56,0
67025,50,24,0
67026,86,31,0
67028,86,31,0
67032,86,31,0
67033,71,33,0
67034,3,0,0
67035,14,0,0
67036,14,0,0
67037,71,33,0
67038,14,0,0
67039,71,33,0
67045,14,0,0
67100,45,27,0
67110,45,27,0
67111,71,33,0
67112,74,32,0
67130,45,27,0
67140,45,27,0
67150,45,27,0
67160,45,27,0
67170,45,27,0
67180,45,27,0
67190,45,27,0
67200,45,27,0
67210,45,27,0
67220,45,27,0
67230,45,27,0
67240,45,27,0
67280,51,24,0
67290,51,24,0
67300,51,24,0
67320,51,24,0
67330,51,24,0
67340,51,24,0
67360,51,24,0
67370,51,24,0
67380,51,24,0
67390,51,24,0
67400,51,24,0
67410,51,24,0
67420,51,24,0
67430,96,51,0
67450,96,51,0
67460,45,27,0
67470,45,27,0
67500,157,70,0
67510,157,70,0
67520,157,70,0
67540,157,70,0
67570,157,70,0
67580,157,70,0
67595,151,57,0
67598,149,58,0
67600,51,24,0
67610,101,25,0
67620,140,57,0
67636,264,115,0
67640,171,73,0
67650,171,73,0
67652,132,57,0
67655,98,25,0
67660,31,16,0
67670,31,16,0
67700,140,57,0
67720,140,57,0
67922,50,24,0
67925,50,24,0
67932,50,24,0
67935,50,24,0
67938,50,24,0
67939,50,24,0
67943,50,24,0
67944,50,24,0
67947,50,24,0
67960,145,58,0
67990,177,74,0
68001,114,48,0
68003,312,139,0
68005,97,26,0
68006,12,0,0
68007,182,74,0
68010,32,16,0
68020,177,74,0
68035,145,58,0
68042,145,58,0
68048,71,33,0
68063,51,24,0
68064,51,24,0
68065,51,24,0
68066,51,24,0
68067,51,24,0
68068,51,24,0
68069,51,24,0
68070,51,24,0
68085,155,69,0
68094,155,69,0
68100,155,69,0
68130,155,69,0
68150,155,69,0
68160,155,69,0
68180,200,95,0
68200,96,50,0
68210,96,50,0
68230,96,50,0
68240,51,24,0
68250,51,24,0
68260,51,24,0
68270,51,24,0
68280,51,24,0
68290,51,24,0
68300,51,24,0
68310,51,24,0
68330,51,24,0
68340,51,24,0
68348,98,34,0
68349,100,33,0
68353,149,58,0
68354,100,33,0
68355,98,34,0
68360,133,56,0
68370,84,40,0
68372,84,40,0
68390,291,125,0
68391,83,31,0
68394,63,43,0
68397,26,0,26
68398,240,101,0
68400,83,31,0
68401,24,0,0
68402,107,31,0
68403,34,16,0
68404,57,17,0
68405,31,16,0
68406,82,32,0
68407,34,16,0
68409,78,42,0
68410,240,101,0
68411,263,101,26
68414,24,0,0
68415,264,101,0
68420,83,31,0
68435,83,31,0
68438,240,101,0
68440,134,55,0
68460,134,55,0
68462,83,31,0
68463,82,32,0
68470,134,55,0
68471,83,31,0
68472,83,31,0
68473,82,32,0
68474,83,31,0
68475,83,31,0
68476,83,31,0
68480,51,24,0
68490,51,24,0
68495,39,12,0
68496,176,58,0
68498,237,101,0
68502,51,24,0
68510,51,24,0
68530,51,24,0
68540,51,24,0
68550,51,24,0
68560,51,24,0
68570,88,107,0
68582,175,0,0
68584,88,107,0
68590,89,108,0
68591,172,57,0
68592,213,84,0
68593,172,57,0
68594,168,57,0
68595,217,83,0
68596,168,57,0
68597,172,57,0
68598,86,25,0
68599,172,57,0
68610,51,24,0
68611,172,57,0
68612,100,84,0
68613,99,83,0
68614,168,57,0
68620,51,24,0
68630,51,24,0
68640,51,24,0
68650,51,24,0
68670,51,24,0
68680,51,24,0
68690,51,24,0
68700,133,56,0
68710,133,56,0
68720,133,56,0
68740,133,56,0
68750,237,101,0
68770,82,32,0
68780,237,101,0
68782,82,32,0
68784,237,101,0
68786,240,101,0
68788,237,101,0
68803,71,16,0
68805,157,70,0
68809,157,70,0
68871,98,34,0
68873,98,34,0
68875,98,34,0
68888,45,26,0
68889,45,27,0
68890,98,34,0
68900,98,34,0
68910,98,34,0
68920,129,50,0
68930,31,16,0
68940,31,16,0
68950,31,16,0
68960,31,16,0
68980,31,16,0
68990,31,16,0
69010,31,16,0
69012,31,16,0
69021,198,67,0
69026,151,57,0
69027,33,16,0
69028,149,58,0
69030,31,16,0
69040,31,16,0
69060,31,16,0
69070,31,16,0
69080,31,16,0
69090,31,16,0
69100,31,16,0
69110,31,16,0
69120,31,16,0
69124,31,16,0
69126,32,16,0
69128,31,16,0
69140,31,16,0
69150,31,16,0
69160,31,16,0
69170,32,16,0
69181,32,16,0
69200,32,16,0
69210,32,16,0
69220,32,16,0
69230,32,16,0
69240,32,16,0
69250,32,16,0
69260,32,16,0
69270,32,16,0
69280,32,16,0
69290,32,16,0
69300,32,16,0
69320,33,16,0
69340,33,16,0
69350,33,16,0
69370,33,16,0
69380,33,16,0
69390,33,16,0
69400,33,16,0
69402,33,16,0
69420,100,33,0
69430,100,33,0
69440,100,33,0
69465,100,33,0
69475,100,33,0
69485,100,33,0
69530,31,14,0
69540,31,14,0
69550,31,14,0
69559,31,14,0
69560,31,14,0
69570,31,14,0
69580,31,14,0
69590,31,14,0
69600,31,14,0
69610,31,14,0
69620,31,14,0
69630,31,14,0
69640,31,14,0
69650,31,14,0
69660,31,14,0
69670,31,14,0
69680,31,14,0
69690,31,14,0
69874,33,15,0
69876,31,14,0
69878,31,14,0
69882,33,15,0
69884,33,15,0
69890,33,15,0
69900,33,15,0
69910,33,15,0
69920,33,15,0
69928,33,15,0
69940,33,15,0
69950,33,15,0
69960,33,15,0
69970,33,15,0
69980,33,15,0
69990,33,15,0
70000,33,15,0
70002,33,15,0
70003,31,14,0
70004,31,14,0
70005,31,14,0
70006,31,14,0
70007,31,14,0
70008,31,14,0
70010,33,15,0
70020,33,15,0
70022,33,15,0
70040,36,14,0
70060,36,14,0
70070,36,14,0
70080,36,14,0
70090,36,14,0
70100,36,14,0
70110,36,14,0
70120,36,14,0
70130,62,28,0
70140,62,28,0
70150,191,85,0
70151,132,57,0
70160,191,85,0
70164,191,85,0
70170,191,85,0
70180,193,85,0
70184,193,85,0
70190,193,85,0
70200,61,28,0
70210,61,28,0
70220,98,43,0
70230,35,14,0
70240,35,14,0
70250,35,14,0
70260,35,14,0
70270,35,14,0
70280,35,14,0
70290,35,14,0
70310,45,14,0
70311,97,46,0
70312,97,46,0
70313,97,46,0
70314,97,46,0
70315,97,46,0
70317,97,46,0
70318,97,46,0
70319,97,46,0
70320,191,85,0
70330,192,85,0
70340,129,57,0
70350,129,57,0
70370,129,57,0
70390,129,57,0
70410,129,57,0
70420,132,57,0
70440,132,57,0
70460,132,57,0
70480,132,57,0
70490,195,86,0
70500,195,86,0
70510,193,85,0
70515,2,1,0
70516,1,0,0
70520,14,0,0
70521,2,1,0
70522,2,1,0
70528,1,0,0
70529,1,0,0
70530,14,0,0
70533,1,0,0
70534,2,1,0
70536,2,1,0
70537,1,0,0
70538,2,1,0
70540,14,0,0
70550,14,0,0
70560,14,0,0
70570,14,0,0
70578,3,1,0
70580,14,0,0
70587,2,1,0
70588,1,0,0
70589,1,0,0
70590,14,0,0
70591,2,1,0
70595,4,2,0
70596,89,26,0
70597,3,1,0
70600,50,24,0
70608,101,25,0
70610,14,0,0
70619,87,25,0
70620,14,0,0
70630,14,0,0
70640,14,0,0
70650,14,0,0
70660,14,0,0
70664,164,66,0
70665,248,99,0
70666,166,65,0
70672,163,61,0
70676,212,88,0
70677,212,88,0
70679,212,88,0
70681,83,31,0
70691,3,1,0
70694,5,1,0
70700,71,37,0
70702,74,32,0
70704,74,32,0
70706,74,32,0
70710,74,32,0
70714,74,32,0
70716,74,32,0
70718,74,32,0
70720,74,32,0
70782,31,16,0
70802,83,31,0
70803,89,26,0
70805,86,25,0
70806,83,31,0
70807,157,58,0
70812,85,33,0
70813,163,58,0
70814,85,33,0
70815,14,0,0
70817,14,0,0
70820,88,32,0
70823,168,57,0
70825,74,32,0
70826,82,32,0
70828,82,32,0
70832,82,32,0
70835,82,32,0
70837,82,32,0
70841,86,25,0
70843,89,26,0
70850,33,16,0
71133,74,32,0
71139,74,32,0
71140,33,17,0
71141,74,32,0
71150,33,17,0
71160,33,17,0
71170,33,17,0
71180,33,17,0
71190,33,17,0
71210,33,17,0
71220,33,17,0
71230,33,17,0
71240,33,17,0
71250,33,17,0
71260,33,17,0
71270,31,16,0
71280,31,16,0
71290,31,16,0
71300,82,40,0
71310,82,40,0
71320,31,16,0
71322,31,16,0
71323,102,43,26
71325,212,84,0
71326,89,43,26
71327,58,15,26
71328,115,32,26
71329,213,84,26
71331,78,42,0
71335,188,58,0
71336,191,59,0
71341,176,58,0
71345,139,61,0
71347,1,0,0
71348,328,116,0
71353,203,59,26
71355,327,115,0
71356,327,115,0
71359,328,116,0
71370,33,16,0
71380,33,16,0
71390,33,16,0
71400,33,16,0
71410,34,16,0
71420,34,16,0
71430,34,16,0
71440,34,16,0
71450,34,16,0
71460,34,16,0
71470,34,16,0
71480,34,16,0
71490,34,16,0
71500,34,16,0
71510,34,16,0
71520,34,16,0
71658,45,27,0
71660,45,27,0
71661,45,27,0
71675,45,26,0
71678,45,26,0
71680,45,26,0
71828,163,67,0
71830,83,34,0
71850,83,34,0
71864,83,34,0
71866,51,24,0
71868,80,33,0
71870,83,34,0
71876,83,34,0
71880,93,34,0
71890,93,34,0
71910,93,34,0
71951,110,32,0
71954,110,31,0
71960,160,82,0
71961,343,142,0
71970,143,60,0
71971,143,60,0
71981,45,26,0
71985,45,26,0
71990,45,26,0
72005,45,26,0
72015,114,47,0
72030,114,47,0
72040,114,47,0
72050,114,47,0
72060,83,32,0
72080,82,32,0
72100,82,32,0
72120,82,32,0
72134,82,32,0
72140,82,32,0
72155,132,57,0
72156,133,57,0
72161,214,89,0
72163,214,89,0
72164,214,89,0
72180,100,33,0
72190,100,33,0
72200,100,33,0
72230,98,34,0
72232,98,34,0
72250,98,34,0
72290,83,31,0
72291,24,0,0
72294,83,31,0
72299,78,24,0
72303,39,12,0
72304,26,0,26
72305,134,31,26
72306,136,32,0
72307,149,67,26
72308,39,12,0
72309,93,34,0
72310,83,31,0
72311,82,32,0
72312,83,31,0
72319,39,12,0
72324,26,0,26
72326,26,0,26
72329,5,0,0
72330,83,31,0
72348,83,31,0
72371,114,45,0
72380,114,45,0
72391,114,45,0
72400,114,45,0
72410,114,45,0
72420,45,27,0
72435,45,27,0
72442,45,27,0
72444,45,27,0
72446,45,27,0
72452,145,60,0
72456,176,58,0
72458,177,59,0
72476,157,70,0
72477,108,34,0
72478,155,69,0
72479,148,45,0
72487,110,31,0
72488,110,32,0
72492,24,0,0
72494,26,0,26
72520,89,33,0
72521,10,0,0
72522,9,0,0
72523,10,0,0
72524,9,0,0
72525,10,0,0
72526,9,0,0
72527,10,0,0
72528,9,0,0
72529,10,0,0
72530,9,0,0
72531,10,0,0
72532,9,0,0
72533,10,0,0
72534,9,0,0
72540,89,33,0
72545,9,0,0
72546,10,0,0
72550,89,33,0
72552,80,33,0
72560,80,33,0
72580,80,33,0
72869,65,25,0
72871,66,26,0
72872,14,0,0
72873,14,0,0
72874,14,0,0
72875,14,0,0
72876,14,0,0
72877,14,0,0
72878,14,0,0
72879,14,0,0
72880,264,108,0
72881,14,0,0
72882,14,0,0
72884,14,0,0
72885,14,0,0
72886,14,0,0
72887,14,0,0
72888,14,0,0
72889,14,0,0
72932,87,25,0
72940,87,25,0
72950,87,25,0
72960,87,25,0
72970,87,25,0
72980,87,25,0
72983,180,0,0
72984,175,0,0
73010,89,26,0
73020,89,26,0
73030,89,26,0
73040,89,26,0
73042,89,26,0
73043,87,25,0
73044,89,26,0
73047,98,34,0
73048,89,26,0
73049,103,26,0
73051,98,34,0
73054,100,33,0
73055,151,57,0
73056,100,33,0
73059,60,16,26
73077,34,16,0
73079,60,16,26
73080,268,107,0
73089,33,17,0
73092,33,17,0
73095,98,34,0
73100,98,34,0
73106,98,34,0
73108,157,70,0
73110,157,70,0
73112,98,34,0
73130,316,141,0
73152,159,71,0
73167,109,31,26
73168,83,31,0
73188,82,32,0
73227,235,96,0
73240,257,110,0
73243,257,110,0
73246,100,40,0
73248,45,26,0
73250,45,26,0
73282,31,16,0
73284,31,16,0
73286,31,16,0
73300,33,16,0
73310,33,16,0
73340,45,27,0
73342,258,111,26
73350,314,143,0
73351,159,71,0
73352,159,74,0
73366,258,111,26
73368,159,74,0
73380,159,74,0
73391,155,69,0
73407,212,84,0
73410,155,69,0
73412,155,69,0
73418,100,33,0
73419,106,32,0
73420,100,33,0
73425,100,33,0
73430,145,60,0
73527,47,28,0
73528,47,28,0
73539,47,28,0
73541,47,28,0
73560,47,28,0
73570,47,28,0
73590,47,28,0
73600,47,28,0
73620,47,28,0
73625,47,28,0
73637,108,34,0
73638,148,45,0
73757,371,140,0
73758,215,70,0
73812,62,28,0
73813,62,28,0
73814,293,118,0
73816,227,91,0
73818,297,127,0
73840,166,65,0
73845,100,33,0
73847,100,33,0
73848,216,71,0
73852,100,33,0
73853,157,70,0
73854,39,12,0
73867,39,12,0
73868,39,12,0
73872,155,69,0
73922,33,15,0
73923,32,15,0
73924,31,14,0
73925,32,15,0
73926,32,15,0
73945,100,33,0
73950,98,34,0
73951,98,34,0
73952,98,34,0
73953,164,66,0
73960,47,28,0
73970,47,28,0
73990,47,28,0
73991,39,12,0
73992,39,12,0
74000,47,28,0
74001,39,12,0
74002,39,12,0
74003,39,12,0
74004,39,12,0
74009,39,12,0
74011,39,12,0
74012,39,12,0
74013,39,12,0
74014,39,12,0
74016,39,12,0
74017,39,12,0
74019,39,12,0
74020,47,28,0
74027,155,69,0
74030,47,28,0
74032,47,28,0
74033,47,28,0
74034,47,28,0
74035,47,28,0
74037,47,28,0
74039,47,28,0
74041,47,28,0
74044,39,12,0
74071,129,57,0
74072,129,57,0
74073,129,57,0
74074,39,12,0
74075,129,57,0
74076,39,12,0
74077,132,57,0
74078,132,57,0
74079,132,57,0
74081,132,57,0
74101,39,12,0
74102,39,12,0
74103,39,12,0
74104,39,12,0
74142,47,28,0
74144,47,28,0
74146,47,28,0
74147,47,28,0
74151,47,28,0
74152,47,28,0
74154,47,28,0
74161,66,32,0
74180,66,32,0
74190,66,32,0
74202,66,32,0
74220,105,44,0
74225,207,83,0
74226,300,130,0
74230,132,57,0
74232,266,115,0
74233,31,14,0
74234,138,59,0
74268,66,32,0
74270,66,32,0
74318,63,28,0
74320,63,28,0
74321,66,32,0
74322,66,32,0
74324,66,32,0
74326,66,32,0
74327,66,32,0
74328,66,32,0
74331,66,32,0
74332,63,28,0
74340,63,28,0
74342,66,32,0
74344,66,32,0
74346,66,32,0
74347,66,32,0
74348,66,32,0
74352,66,32,0
74354,66,32,0
74370,63,28,0
74380,63,28,0
74390,63,28,0
74395,130,57,0
74396,129,57,0
74400,129,57,0
74410,129,57,0
74420,129,57,0
74430,129,57,0
74437,131,49,0
74440,129,57,0
74441,129,57,0
74442,129,57,0
74446,131,49,0
74447,131,50,0
74448,131,50,0
74449,33,16,0
74450,526,213,0
74451,131,49,0
74452,33,16,0
74453,131,49,0
74454,33,16,0
74455,131,50,0
74460,129,57,0
74463,1,0,0
74472,33,16,0
74474,33,16,0
74476,33,16,0
74482,45,27,0
74525,51,24,0
74530,132,57,0
74533,132,57,0
74540,132,57,0
74542,31,16,0
74544,31,16,0
74550,132,57,0
74560,132,57,0
74570,132,57,0
74575,148,64,0
74580,63,29,0
74590,63,29,0
74600,63,29,0
74610,63,29,0
74630,63,29,0
74640,63,29,0
74650,63,29,0
74714,98,47,0
74721,151,53,0
74722,39,12,0
74723,39,12,0
74724,39,12,0
74729,97,46,0
74731,202,84,0
74733,97,46,0
74734,130,57,0
74735,76,27,0
74741,98,47,0
74743,98,47,0
74754,39,12,0
74756,39,12,0
74758,39,12,0
74760,105,44,0
74762,66,32,0
74766,66,32,0
74768,66,32,0
74772,66,32,0
74785,71,37,0
74850,71,37,0
74870,71,37,0
74871,70,38,0
74880,71,37,0
74885,63,0,0
74886,32,0,0
74954,74,33,0
74956,74,33,0
74960,74,33,0
74980,106,33,0
74990,106,33,0
75000,71,37,0
75005,71,37,0
75007,177,70,0
75020,74,33,0
75030,74,33,0
75050,74,33,0
75060,74,33,0
75110,235,111,0
75120,235,111,0
75135,128,64,0
75136,128,64,0
75137,128,64,0
75139,202,97,0
75140,235,111,0
75141,74,33,0
75142,74,32,0
75143,202,96,0
75144,202,96,0
75145,202,97,0
75160,128,64,0
75170,128,64,0
75180,128,64,0
75190,128,64,0
75200,128,64,0
75210,128,64,0
75304,11,0,0
75340,128,64,0
75350,128,64,0
75360,128,64,0
75370,128,64,0
75380,128,64,0
75390,128,64,0
75400,128,64,0
75402,425,193,0
75403,425,193,0
75404,425,193,0
75405,425,193,0
75406,425,193,0
75407,185,78,0
75408,243,102,0
75409,239,103,0
75410,284,130,0
75414,284,130,0
75415,284,130,0
75417,284,130,0
75418,284,130,0
75430,234,109,0
75450,234,109,0
75460,234,109,0
75510,74,32,0
75520,74,32,0
75530,74,32,0
75540,74,32,0
75549,175,70,0
75565,101,38,0
75570,70,38,0
75580,70,38,0
75585,101,38,0
75592,70,38,0
75594,70,38,0
75670,70,38,0
75700,243,102,0
75730,243,102,0
75732,103,37,0
75734,103,37,0
75740,243,102,0
75750,243,102,0
75751,128,64,0
75754,128,64,0
75756,134,64,0
75760,243,102,0
75770,243,102,0
75780,243,102,0
75788,75,32,0
75789,74,31,0
75790,243,102,0
75800,243,102,0
75810,243,102,0
75820,239,103,0
75830,239,103,0
75840,239,103,0
75850,239,103,0
75860,239,103,0
75870,239,103,0
75881,239,103,0
75884,128,64,0
75886,128,64,0
75890,239,103,0
75901,239,103,0
75902,101,38,0
75906,101,38,0
75909,101,38,0
75910,239,103,0
75932,239,103,0
75949,31,14,0
75972,21,8,0
75975,21,8,0
75982,10,0,0
75983,9,0,0
75992,119,56,0
75993,31,14,0
75995,113,54,0
75997,5,0,0
75999,31,14,0
76000,5,0,0
76002,5,0,0
76009,31,14,0
76010,31,14,0
76014,82,40,0
76021,66,32,0
76023,66,32,0
76024,66,32,0
76030,66,32,0
76035,31,14,0
76036,30,14,0
76044,66,32,0
76045,66,32,0
76058,66,32,0
76060,66,32,0
76081,30,14,0
76082,30,14,0
76083,30,14,0
76084,30,14,0
76085,31,14,0
76086,31,14,0
76087,30,14,0
76214,31,14,0
76215,30,14,0
76216,30,14,0
76218,31,14,0
76220,30,14,0
76222,277,102,0
76224,171,46,0
76228,113,56,0
76234,30,14,0
76298,66,32,0
76299,108,54,0
76300,64,0,0
76301,161,46,0
76302,201,69,0
76305,605,231,0
76306,130,32,0
76308,130,32,0
76309,31,14,0
76310,232,83,0
76312,30,14,0
76315,66,32,0
76317,66,32,0
76330,64,0,0
76340,64,0,0
76350,64,0,0
76360,201,69,0
76370,64,0,0
76372,325,116,0
76374,115,47,0
76376,82,32,0
76377,31,14,0
76390,294,102,0
76420,294,102,0
76490,74,33,0
76527,33,15,0
76590,83,0,0
76595,220,69,0
76610,220,69,0
76620,83,0,0
76630,220,69,0
76660,220,69,0
76680,220,69,0
76700,431,205,0
76710,431,205,0
76720,429,206,0
76730,430,206,0
76731,150,75,0
76750,219,70,0
76770,219,70,0
76790,219,70,0
76810,219,70,0
76820,220,70,0
76830,157,32,0
76840,293,102,0
76870,294,102,0
76880,211,70,0
76890,75,0,0
76900,211,70,0
76910,75,0,0
76925,105,14,0
76970,88,42,0
76979,5,0,0
77074,9,0,0
77090,77,40,0
77093,83,42,0
77197,74,33,0
77199,74,33,0
77390,74,32,0
77391,74,33,0
77392,74,32,0
77400,128,64,0
77410,128,64,0
77418,128,64,0
77440,128,64,0
77460,231,101,0
77480,103,37,0
77490,103,37,0
77500,103,37,0
77510,103,37,0
77520,103,37,0
77560,76,31,0
77570,76,31,0
77580,76,31,0
77609,75,32,0
77611,341,158,0
77613,344,158,0
77615,75,32,0
77616,341,158,0
77617,74,31,0
77619,74,31,0
77630,103,37,0
77650,103,37,0
77720,101,38,0
77732,74,32,0
77734,128,64,0
77737,128,64,0
77738,128,64,0
77739,128,64,0
77752,128,64,0
77780,74,32,0
77790,74,32,0
77800,74,32,0
77810,74,32,0
77860,101,38,0
77880,101,38,0
77882,101,38,0
77890,229,102,0
77910,128,64,0
77930,128,64,0
77939,128,64,0
77940,128,64,0
77942,74,33,0
77950,128,64,0
77960,128,64,0
77970,128,64,0
77998,77,40,0
77999,119,56,0
78000,36,14,0
78001,36,14,0
78002,36,14,0
78003,36,14,0
78044,21,8,0
78045,21,8,0
78046,21,8,0
78070,4,0,0
79213,120,58,0
79214,123,61,0
79215,57,34,0
79226,56,34,0
79227,123,61,0
79228,123,61,0
79229,123,61,0
79234,120,58,0
79236,120,58,0
79237,120,58,0
79238,120,58,0
79239,123,61,0
79240,123,61,0
79243,160,81,0
79247,67,34,0
79248,173,87,0
79296,211,70,0
79520,230,107,0
79521,139,74,0
79522,143,76,0
79530,91,33,0
79540,91,33,0
79555,91,33,0
79560,91,33,0
79561,257,104,0
79562,108,40,0
79569,254,105,0
79570,96,33,0
79580,96,33,0
79590,96,33,0
79595,96,33,0
79600,96,33,0
79610,239,109,0
79854,14,0,0
79856,14,0,0
79858,14,0,0
79862,81,32,0
79864,81,32,0
79868,221,87,0
79871,28,0,0
79872,81,32,0
79874,81,32,0
79877,37,0,0
79878,141,56,0
79880,221,87,0
79890,221,87,0
79892,14,0,0
79900,157,63,0
79906,14,0,0
79933,3,1,0
79960,52,18,0
79970,52,18,0
79972,144,65,0
79973,146,65,0
79980,52,18,0
79983,52,18,0
80002,57,34,0
80003,57,34,0
80004,57,34,0
80005,57,34,0
80021,56,34,0
80025,56,34,0
80031,56,34,0
80051,56,34,0
80061,56,34,0
80121,93,42,0
80123,93,42,0
80124,93,42,0
80147,88,39,0
80150,237,107,0
80151,234,104,0
80152,88,39,0
80153,88,39,0
80154,88,39,0
80160,57,34,0
80189,52,18,0
80240,52,17,0
80250,52,17,0
80260,52,17,0
80270,52,17,0
80280,52,17,0
80290,52,17,0
80300,52,17,0
80310,52,17,0
80320,52,17,0
80322,8,0,0
80380,135,57,0
80390,135,57,0
80400,213,89,0
80412,213,89,0
80414,3,1,0
80448,46,21,0
80450,46,21,0
80452,46,21,0
80454,29,20,0
80457,46,21,0
80458,42,20,0
80462,43,20,0
80464,30,20,0
80468,46,21,0
80470,46,21,0
80472,46,21,0
80474,46,21,0
80476,46,21,0
80477,46,21,0
80480,9,7,0
80484,9,7,0
80485,73,27,0
80486,42,33,0
80488,9,7,0
80489,71,33,0
80492,74,32,0
80496,108,34,0
80497,86,25,0
80501,31,14,0
80505,1,0,0
80506,31,14,0
80509,31,14,0
80510,31,14,0
80512,31,14,0
80514,32,15,0
80515,32,15,0
80518,32,15,0
80519,32,15,0
80565,89,26,0
80566,14,0,0
80570,86,25,0
80571,89,26,0
80572,86,25,0
80580,160,81,0
80590,160,81,0
80600,176,90,0
80610,106,40,0
80620,121,42,0
80630,121,42,0
80640,134,42,0
80642,121,42,0
80650,27,0,0
80663,28,0,0
80665,28,0,0
80666,28,0,0
80667,28,0,0
80668,28,0,0
80669,27,0,0
80680,120,58,0
80692,120,58,0
80700,120,58,0
80710,137,58,0
80720,123,61,0
80730,123,61,0
80742,123,61,0
80761,171,65,0
80762,27,0,0
80763,27,0,0
80764,27,0,0
80765,28,0,0
80766,27,0,0
80767,28,0,0
80768,144,65,0
80769,27,0,0
80772,27,0,0
80780,127,39,0
80790,115,39,0
80820,157,78,0
80862,63,31,0
80890,64,30,0
80932,77,35,0
80966,79,36,0
80968,79,36,0
80977,79,36,0
80978,79,36,0
80982,79,36,0
81100,83,36,0
81103,34,9,0
81106,98,39,0
81110,34,9,0
81114,34,9,0
81115,34,9,0
81117,34,9,0
81122,34,9,0
81126,34,9,0
81130,34,9,0
81132,34,9,0
81144,68,18,0
81146,34,9,0
81170,34,9,0
81172,34,9,0
81174,34,9,0
81178,34,9,0
81182,34,9,0
81186,34,9,0
81188,34,9,0
81190,34,9,0
81194,34,9,0
81195,34,9,0
81199,98,40,0
81200,98,39,0
81201,77,35,0
81205,80,37,0
81230,103,37,0
81232,103,37,0
81234,103,37,0
81236,103,37,0
81242,76,31,0
81243,204,75,0
81245,150,63,0
81246,76,31,0
81248,76,31,0
81249,74,32,0
81252,417,189,0
81254,417,189,0
81294,11,0,0
81299,256,128,0
81301,717,320,0
81302,418,190,0
81305,74,32,0
81309,74,32,0
81311,101,38,0
81315,103,37,0
81316,74,32,0
81321,101,38,0
81322,101,38,0
81326,101,38,0
81361,101,38,0
81364,402,179,0
81367,158,75,0
81368,101,38,0
81399,103,37,0
81400,9,0,0
81402,71,32,0
81404,71,32,0
81408,71,32,0
81410,71,32,0
81412,71,32,0
81418,66,32,0
81420,70,32,0
81422,70,32,0
81424,70,32,0
81426,70,32,0
81428,70,32,0
81430,70,32,0
81432,70,32,0
81434,75,32,0
81436,4,0,0
81440,4,0,0
81445,4,0,0
81446,4,0,0
81448,4,0,0
81450,4,0,0
81452,4,0,0
81454,4,0,0
81456,5,0,0
81458,5,0,0
81460,5,0,0
81462,5,0,0
81464,5,0,0
81466,5,0,0
81469,5,0,0
81472,5,0,0
81532,32,15,0
81534,32,15,0
81536,32,15,0
81538,32,15,0
81540,32,15,0
81542,32,15,0
81544,32,15,0
81546,32,15,0
81548,32,15,0
81550,32,15,0
81552,32,15,0
81554,32,15,0
81564,31,14,0
81566,31,14,0
81568,31,14,0
81570,31,14,0
81572,31,14,0
81574,31,14,0
81576,31,14,0
81578,31,14,0
81580,31,14,0
81633,31,16,0
81635,31,16,0
81637,31,16,0
81665,29,0,0
81668,26,0,26
81670,26,0,26
81672,26,0,26
81674,26,0,26
81677,28,0,26
81678,26,0,26
81680,26,0,26
81681,24,0,0
81684,57,0,26
81685,28,0,26
81687,29,0,0
81692,42,33,0
81703,26,0,26
81704,36,32,0
81713,26,0,26
81714,24,0,0
81716,24,0,0
81718,24,0,0
81722,24,0,0
81724,24,0,0
81726,24,0,0
81728,24,0,0
81731,26,0,26
81733,24,0,0
81735,26,0,26
81737,29,0,0
81738,24,0,0
81739,26,0,26
81741,24,0,0
81743,26,0,26
81745,24,0,0
81749,29,0,0
81751,26,0,26
81755,436,130,26
81760,24,0,0
81775,29,0,0
81790,24,0,0
81791,26,0,0
81794,24,0,0
81800,26,0,26
81802,24,0,0
81810,26,0,26
81820,28,0,26
81825,26,0,26
81837,24,0,0
81838,26,0,26
81840,26,0,26
81841,26,0,26
81842,24,0,0
81845,26,0,26
81846,24,0,0
81847,28,0,26
81849,26,0,26
81850,26,0,26
81851,24,0,0
81852,24,0,0
81853,24,0,0
81854,26,0,26
81861,24,0,0
81870,26,0,26
81871,24,0,0
81880,26,0,26
81884,24,0,0
81981,202,96,0
81982,202,97,0
82104,74,32,0
82105,74,32,0
82106,74,32,0
82107,74,32,0
82120,144,67,0
82126,19,0,0
82127,19,0,0
82128,19,0,0
82129,19,0,0
82130,144,67,0
82140,144,67,0
82145,143,65,0
82155,143,65,0
82160,144,67,0
82165,143,65,0
82167,143,65,0
82175,143,65,0
82185,143,65,0
82187,143,65,0
82195,143,65,0
82197,143,65,0
82198,403,177,0
82205,143,66,0
82207,143,66,0
82216,143,66,0
82227,143,66,0
82230,143,65,0
82235,143,66,0
82237,143,66,0
82247,143,66,0
82250,143,65,0
82260,143,65,0
82266,19,1,0
82273,19,1,0
82275,19,1,0
82276,19,1,0
82279,19,1,0
82280,74,33,0
82300,74,33,0
82310,74,33,0
82320,74,33,0
82324,74,33,0
82326,74,33,0
82330,74,33,0
82332,74,33,0
82334,74,33,0
82335,74,33,0
82425,29,15,0
82429,74,33,0
82431,74,33,0
82432,74,32,0
82433,74,32,0
82434,74,32,0
82480,63,29,0
82490,33,15,0
82500,33,15,0
82510,33,15,0
82520,33,15,0
82530,33,15,0
82540,33,15,0
82550,33,15,0
82620,31,14,0
82630,31,14,0
82640,31,14,0
82650,31,14,0
82660,31,14,0
82670,31,14,0
82671,31,14,0
82672,30,14,0
82673,30,14,0
82674,30,14,0
82675,31,14,0
82676,31,14,0
82677,30,14,0
82678,30,14,0
82679,31,14,0
82680,62,28,0
82681,30,14,0
82682,31,14,0
82683,30,14,0
82684,31,14,0
82685,31,14,0
82687,6,0,0
82700,76,32,0
82718,1,0,0
82720,32,16,0
82730,14,0,0
82741,71,33,0
82742,74,32,0
82749,88,32,0
82760,88,32,0
82772,74,32,0
82775,74,32,0
82776,74,32,0
82777,74,32,0
82778,74,32,0
82780,8,0,0
82788,74,32,0
82789,74,32,0
82790,85,33,0
82791,74,32,0
82792,74,32,0
82793,71,33,0
82794,74,32,0
82795,71,33,0
82796,71,33,0
82797,71,33,0
82798,71,33,0
82810,14,0,0
82830,31,16,0
82831,31,16,0
82854,5,0,0
82878,5,0,0
83501,46,21,0
83520,46,21,0
83540,46,21,0
83560,46,21,0
83580,46,21,0
83590,46,21,0
83595,46,21,0
83610,46,21,0
83620,46,21,0
83630,46,21,0
83640,46,21,0
83641,46,21,0
83650,46,21,0
83651,46,21,0
83652,46,21,0
83656,29,20,0
83657,30,20,0
83663,64,30,0
83664,64,30,0
83665,64,31,0
83666,64,31,0
83701,98,45,0
83702,98,45,0
83703,98,45,0
83704,98,45,0
83706,98,45,0
83707,98,45,0
83708,98,45,0
83709,98,45,0
83711,100,46,0
83716,98,45,0
83720,98,45,0
83751,13,0,0
83752,13,0,0
83760,100,46,0
83770,100,46,0
83781,100,46,0
83782,100,46,0
83783,100,46,0
83784,100,46,0
83785,100,46,0
83786,100,46,0
83787,100,46,0
83788,100,46,0
83789,98,45,0
84014,109,33,0
84015,70,33,0
84025,10,0,0
84263,140,177,0
84264,82,140,0
84270,82,40,0
84280,8,0,0
84292,226,98,0
84309,85,33,0
84351,115,39,0
84352,115,39,0
84353,121,42,0
84354,28,0,0
84356,28,0,0
84357,28,0,0
84358,27,0,0
84359,28,0,0
84362,27,0,0
84363,27,0,0
84364,27,0,0
84365,27,0,0
84366,27,0,0
84367,27,0,0
84368,27,0,0
84369,28,0,0
84370,28,0,0
84371,28,0,0
84372,28,0,0
84810,45,26,0
84820,45,26,0
84821,51,24,0
84822,51,24,0
84824,51,24,0
84825,51,24,0
84826,51,24,0
84827,51,24,0
84828,51,24,0
84829,51,24,0
84830,45,26,0
84831,51,24,0
84832,51,24,0
84940,45,27,0
84970,45,27,0
85040,132,57,0
85059,4,0,0
85062,4,0,0
85064,4,0,0
85066,4,0,0
85067,4,0,0
85070,4,0,0
85090,4,0,0
85100,4,0,0
85110,4,0,0
85120,4,0,0
85130,4,0,0
85140,4,0,0
85150,4,0,0
85160,4,0,0
85170,8,0,0
85180,4,0,0
85190,4,0,0
85200,4,0,0
85203,14,0,0
85205,14,0,0
85210,18,0,0
85220,18,0,0
85230,18,0,0
85254,404,193,0
85260,36,14,0
85270,36,14,0
85271,36,14,0
85280,36,14,0
85290,36,14,0
85300,36,14,0
85310,37,15,0
85320,37,15,0
85330,37,15,0
85340,37,15,0
85350,37,15,0
85386,9,7,0
85388,9,7,0
85392,21,8,0
85393,20,8,0
85394,21,8,0
85395,20,8,0
85410,64,24,0
85450,130,57,0
85460,132,57,0
85489,95,40,0
85532,34,14,0
85538,203,97,0
85539,204,77,0
85540,43,20,0
85541,294,139,0
85542,66,32,0
85543,64,31,0
85630,305,129,0
85640,211,90,0
85669,103,26,0
85725,74,32,0
85730,96,40,0
85770,33,16,0
85781,9,7,0
85782,9,7,0
85785,41,16,0
85791,18,14,0
85792,30,15,0
85793,25,0,0
85794,21,48,0
85796,18,14,0
85799,20,60,0
85800,74,33,0
85810,74,32,0
85851,121,42,0
85853,115,39,0
85855,115,39,0
85890,29,20,0
85892,29,20,0
85894,29,20,0
85896,29,20,0
85900,29,20,0
85902,29,20,0
85904,29,20,0
85906,29,20,0
85908,29,20,0
85910,29,20,0
85912,29,20,0
85914,29,20,0
85916,29,20,0
85918,29,20,0
85921,29,20,0
85922,29,20,0
85924,29,20,0
85942,30,20,0
85944,30,20,0
85946,30,20,0
85947,29,20,0
85948,30,20,0
85949,30,20,0
85950,30,20,0
85954,30,20,0
85956,30,20,0
85958,30,20,0
85959,30,20,0
85960,30,20,0
85962,30,20,0
85964,30,20,0
85966,30,20,0
85970,30,20,0
85972,30,20,0
85974,30,20,0
85976,30,20,0
89990,139,63,0
91699,74,33,0
96760,137,132,72
97137,344,158,0
98105,185,91,0
98750,139,45,0
99252,307,129,0
99253,312,131,0
99254,216,91,0
99261,91,38,0
99263,312,131,0
99264,216,91,0
99266,223,94,0
99267,226,96,0
99271,227,95,0
99294,80,34,0
99296,10,0,0
99297,10,0,0
99300,13,0,0
99301,10,0,0
99303,10,0,0
99310,10,0,0
99312,8,0,0
99318,10,0,0
99320,8,0,0
99321,8,0,0
99322,8,0,0
99325,10,0,0
99330,10,0,0
99350,10,0,0
99360,8,0,0
99364,8,0,0
99380,8,0,0
99382,8,0,0
99384,8,0,0
99385,10,0,0
99386,8,0,0
99388,8,0,0
99390,10,0,0
99400,8,0,0
99410,10,0,0
99411,10,0,0
99412,10,0,0
99413,8,0,0
99414,10,0,0
99416,10,0,0
99417,10,0,0
99418,8,0,0
99420,8,0,0
99421,10,0,0
99422,8,0,0
99423,10,0,0
99424,8,0,0
99428,8,0,0
99429,8,0,0
99430,10,0,0
99431,8,0,0
99432,10,0,0
99434,8,0,0
99436,8,0,0
99437,8,0,0
99460,8,0,0
99470,10,0,0
99474,17,6,0
99476,17,0,0
99477,17,0,0
99478,17,0,0
99479,17,0,0
99481,17,0,0
99482,36,0,0
99483,73,36,0
99497,10,0,0
99746,97,46,0
99747,97,46,0
99750,14,0,0
99751,14,0,0
99752,14,0,0
99753,14,0,0
99754,14,0,0
99755,14,0,0
99756,97,46,0
99760,97,46,0
99908,20,40,0
99997,64,128,0
